Country,Year,High Tech Exports(% of total)
Aruba,2007,
Aruba,2008,
Aruba,2009,4.012598924
Aruba,2010,4.130796618
Aruba,2011,4.79098829
Aruba,2012,11.25918122
Aruba,2013,5.140044047
Aruba,2014,7.322688277
Aruba,2015,4.968985791
Aruba,2016,4.042414418
Aruba,2017,6.540014545
Aruba,2018,8.314287698
Aruba,2019,4.35366898
Aruba,2020,
Africa Eastern and Southern,2007,
Africa Eastern and Southern,2008,
Africa Eastern and Southern,2009,6.815104346
Africa Eastern and Southern,2010,4.81770499
Africa Eastern and Southern,2011,
Africa Eastern and Southern,2012,
Africa Eastern and Southern,2013,5.269071998
Africa Eastern and Southern,2014,
Africa Eastern and Southern,2015,7.404855493
Africa Eastern and Southern,2016,7.834947261
Africa Eastern and Southern,2017,8.200108668
Africa Eastern and Southern,2018,4.944681069
Africa Eastern and Southern,2019,
Africa Eastern and Southern,2020,
Afghanistan,2007,
Afghanistan,2008,
Afghanistan,2009,
Afghanistan,2010,
Afghanistan,2011,
Afghanistan,2012,
Afghanistan,2013,
Afghanistan,2014,
Afghanistan,2015,
Afghanistan,2016,
Afghanistan,2017,
Afghanistan,2018,
Afghanistan,2019,
Afghanistan,2020,
Africa Western and Central,2007,
Africa Western and Central,2008,
Africa Western and Central,2009,
Africa Western and Central,2010,1.819348241
Africa Western and Central,2011,2.740516054
Africa Western and Central,2012,3.149650968
Africa Western and Central,2013,4.195751105
Africa Western and Central,2014,4.74156735
Africa Western and Central,2015,8.740670239
Africa Western and Central,2016,3.355487677
Africa Western and Central,2017,3.633242734
Africa Western and Central,2018,3.887880104
Africa Western and Central,2019,3.506402926
Africa Western and Central,2020,
Angola,2007,
Angola,2008,
Angola,2009,
Angola,2010,
Angola,2011,
Angola,2012,
Angola,2013,
Angola,2014,
Angola,2015,15.62811007
Angola,2016,16.23305508
Angola,2017,24.23088033
Angola,2018,5.780095724
Angola,2019,
Angola,2020,
Albania,2007,
Albania,2008,
Albania,2009,1.328193373
Albania,2010,1.464517198
Albania,2011,1.016872891
Albania,2012,0.926806811
Albania,2013,0.890238032
Albania,2014,0.257234811
Albania,2015,1.634190385
Albania,2016,0.784313359
Albania,2017,0.088456603
Albania,2018,0.044701906
Albania,2019,
Albania,2020,
Andorra,2007,23.79385021
Andorra,2008,16.38991517
Andorra,2009,12.18845925
Andorra,2010,23.62984149
Andorra,2011,18.49709081
Andorra,2012,20.653714
Andorra,2013,23.59804612
Andorra,2014,20.68648753
Andorra,2015,22.64484316
Andorra,2016,24.2802468
Andorra,2017,23.25132289
Andorra,2018,28.46079139
Andorra,2019,
Andorra,2020,
Arab World,2007,
Arab World,2008,
Arab World,2009,
Arab World,2010,
Arab World,2011,
Arab World,2012,1.816614389
Arab World,2013,1.808124286
Arab World,2014,3.949349682
Arab World,2015,3.228912772
Arab World,2016,1.874825264
Arab World,2017,1.764612628
Arab World,2018,2.136284136
Arab World,2019,1.925188804
Arab World,2020,
United Arab Emirates,2007,
United Arab Emirates,2008,3.362965668
United Arab Emirates,2009,
United Arab Emirates,2010,
United Arab Emirates,2011,
United Arab Emirates,2012,3.766661334
United Arab Emirates,2013,3.60713495
United Arab Emirates,2014,10.35817374
United Arab Emirates,2015,5.311027422
United Arab Emirates,2016,2.617915296
United Arab Emirates,2017,2.721423758
United Arab Emirates,2018,3.052401088
United Arab Emirates,2019,2.895265863
United Arab Emirates,2020,
Argentina,2007,7.038995659
Argentina,2008,9.380306072
Argentina,2009,9.072411085
Argentina,2010,7.748539738
Argentina,2011,7.359094505
Argentina,2012,6.674939563
Argentina,2013,7.485894854
Argentina,2014,7.088182385
Argentina,2015,9.282262488
Argentina,2016,9.022443729
Argentina,2017,9.247428305
Argentina,2018,5.402984041
Argentina,2019,5.21279068
Argentina,2020,
Armenia,2007,1.139896007
Armenia,2008,1.573331283
Armenia,2009,2.842802044
Armenia,2010,2.324428013
Armenia,2011,3.373336197
Armenia,2012,2.850901413
Armenia,2013,3.027848224
Armenia,2014,3.021633743
Armenia,2015,5.651814027
Armenia,2016,6.13781179
Armenia,2017,7.550863596
Armenia,2018,7.055598424
Armenia,2019,9.794845162
Armenia,2020,
American Samoa,2007,
American Samoa,2008,
American Samoa,2009,
American Samoa,2010,
American Samoa,2011,
American Samoa,2012,
American Samoa,2013,
American Samoa,2014,
American Samoa,2015,
American Samoa,2016,
American Samoa,2017,
American Samoa,2018,
American Samoa,2019,
American Samoa,2020,
Antigua and Barbuda,2007,
Antigua and Barbuda,2008,
Antigua and Barbuda,2009,
Antigua and Barbuda,2010,
Antigua and Barbuda,2011,
Antigua and Barbuda,2012,
Antigua and Barbuda,2013,
Antigua and Barbuda,2014,
Antigua and Barbuda,2015,
Antigua and Barbuda,2016,0.026055614
Antigua and Barbuda,2017,0.375050372
Antigua and Barbuda,2018,0.613426845
Antigua and Barbuda,2019,
Antigua and Barbuda,2020,
Australia,2007,14.61950273
Australia,2008,15.41497159
Australia,2009,16.7798091
Australia,2010,16.63547086
Australia,2011,18.11314422
Australia,2012,17.34872458
Australia,2013,18.08936181
Australia,2014,19.09525207
Australia,2015,19.81792696
Australia,2016,20.73105115
Australia,2017,17.96185454
Australia,2018,18.32479628
Australia,2019,21.5247036
Australia,2020,
Austria,2007,12.98428367
Austria,2008,12.66521649
Austria,2009,13.43983175
Austria,2010,13.70791913
Austria,2011,13.25781917
Austria,2012,14.546138
Austria,2013,15.37014895
Austria,2014,15.49076884
Austria,2015,15.034673
Austria,2016,14.45812551
Austria,2017,12.88668608
Austria,2018,11.655288
Austria,2019,11.49867138
Austria,2020,
Azerbaijan,2007,4.309531058
Azerbaijan,2008,1.149992989
Azerbaijan,2009,1.016460646
Azerbaijan,2010,1.36855164
Azerbaijan,2011,1.789469204
Azerbaijan,2012,8.559600609
Azerbaijan,2013,13.77614203
Azerbaijan,2014,8.637813107
Azerbaijan,2015,4.464668791
Azerbaijan,2016,2.853777778
Azerbaijan,2017,3.301082291
Azerbaijan,2018,4.345525454
Azerbaijan,2019,
Azerbaijan,2020,
Burundi,2007,
Burundi,2008,
Burundi,2009,
Burundi,2010,
Burundi,2011,
Burundi,2012,
Burundi,2013,0.305334494
Burundi,2014,1.457298325
Burundi,2015,3.492667709
Burundi,2016,3.195982557
Burundi,2017,1.663621512
Burundi,2018,17.04276442
Burundi,2019,1.531362084
Burundi,2020,
Belgium,2007,8.480223583
Belgium,2008,8.961013121
Belgium,2009,11.36851865
Belgium,2010,5.957551764
Belgium,2011,5.727983529
Belgium,2012,5.808224207
Belgium,2013,6.36699722
Belgium,2014,7.875526592
Belgium,2015,7.578716282
Belgium,2016,8.919014483
Belgium,2017,7.870466668
Belgium,2018,8.01386266
Belgium,2019,9.73229269
Belgium,2020,
Benin,2007,
Benin,2008,
Benin,2009,
Benin,2010,
Benin,2011,
Benin,2012,
Benin,2013,1.275855655
Benin,2014,4.135344225
Benin,2015,0.964424885
Benin,2016,1.244882881
Benin,2017,3.581709205
Benin,2018,2.842001305
Benin,2019,1.249986579
Benin,2020,
Burkina Faso,2007,
Burkina Faso,2008,
Burkina Faso,2009,0.745313488
Burkina Faso,2010,7.907497369
Burkina Faso,2011,7.313790573
Burkina Faso,2012,8.636258332
Burkina Faso,2013,13.99286081
Burkina Faso,2014,11.0463358
Burkina Faso,2015,5.286721738
Burkina Faso,2016,5.944967307
Burkina Faso,2017,5.929276876
Burkina Faso,2018,5.937123392
Burkina Faso,2019,25.8025793
Burkina Faso,2020,
Bangladesh,2007,
Bangladesh,2008,0.435964057
Bangladesh,2009,0.305868196
Bangladesh,2010,0.213042263
Bangladesh,2011,0.194943639
Bangladesh,2012,0.463362869
Bangladesh,2013,0.299088588
Bangladesh,2014,
Bangladesh,2015,0.307870408
Bangladesh,2016,
Bangladesh,2017,
Bangladesh,2018,
Bangladesh,2019,
Bangladesh,2020,
Bulgaria,2007,6.328294485
Bulgaria,2008,7.015804699
Bulgaria,2009,8.690957534
Bulgaria,2010,8.422352084
Bulgaria,2011,7.835516063
Bulgaria,2012,8.049051235
Bulgaria,2013,8.284397487
Bulgaria,2014,7.565260353
Bulgaria,2015,8.433162414
Bulgaria,2016,8.977701443
Bulgaria,2017,9.647832999
Bulgaria,2018,10.37540761
Bulgaria,2019,10.85245268
Bulgaria,2020,
Bahrain,2007,
Bahrain,2008,
Bahrain,2009,0.031213136
Bahrain,2010,0.110260452
Bahrain,2011,0.152292189
Bahrain,2012,0.386616226
Bahrain,2013,0.592039173
Bahrain,2014,1.499138744
Bahrain,2015,0.935614434
Bahrain,2016,1.058340088
Bahrain,2017,0.62494863
Bahrain,2018,0.449029825
Bahrain,2019,
Bahrain,2020,
"Bahamas, The",2007,
"Bahamas, The",2008,
"Bahamas, The",2009,3.27e-05
"Bahamas, The",2010,0.001796119
"Bahamas, The",2011,
"Bahamas, The",2012,
"Bahamas, The",2013,
"Bahamas, The",2014,
"Bahamas, The",2015,
"Bahamas, The",2016,2.104436611
"Bahamas, The",2017,7.804787172
"Bahamas, The",2018,1.966124622
"Bahamas, The",2019,
"Bahamas, The",2020,
Bosnia and Herzegovina,2007,
Bosnia and Herzegovina,2008,4.506225268
Bosnia and Herzegovina,2009,3.542955808
Bosnia and Herzegovina,2010,2.833620557
Bosnia and Herzegovina,2011,3.272615758
Bosnia and Herzegovina,2012,2.618258873
Bosnia and Herzegovina,2013,2.405615872
Bosnia and Herzegovina,2014,2.495167787
Bosnia and Herzegovina,2015,2.987863358
Bosnia and Herzegovina,2016,2.734753975
Bosnia and Herzegovina,2017,5.443816725
Bosnia and Herzegovina,2018,5.255468492
Bosnia and Herzegovina,2019,5.27087754
Bosnia and Herzegovina,2020,
Belarus,2007,
Belarus,2008,2.433074381
Belarus,2009,3.185407177
Belarus,2010,3.051862026
Belarus,2011,2.559142336
Belarus,2012,2.833507753
Belarus,2013,4.595599079
Belarus,2014,4.162469406
Belarus,2015,4.472981216
Belarus,2016,4.870628508
Belarus,2017,4.390912958
Belarus,2018,4.052910582
Belarus,2019,4.251962495
Belarus,2020,
Belize,2007,
Belize,2008,
Belize,2009,
Belize,2010,
Belize,2011,4.775579168
Belize,2012,
Belize,2013,
Belize,2014,
Belize,2015,
Belize,2016,
Belize,2017,8.17e-05
Belize,2018,0.066546021
Belize,2019,
Belize,2020,0.938241071
Bermuda,2007,
Bermuda,2008,
Bermuda,2009,
Bermuda,2010,
Bermuda,2011,
Bermuda,2012,12.34846455
Bermuda,2013,12.60000423
Bermuda,2014,28.60412471
Bermuda,2015,27.16155607
Bermuda,2016,48.78536566
Bermuda,2017,21.78900133
Bermuda,2018,17.05593452
Bermuda,2019,6.940522366
Bermuda,2020,
Bolivia,2007,4.675422114
Bolivia,2008,4.429846111
Bolivia,2009,4.931366643
Bolivia,2010,8.396434114
Bolivia,2011,13.266852
Bolivia,2012,9.223496449
Bolivia,2013,9.364909815
Bolivia,2014,8.057902215
Bolivia,2015,6.402594397
Bolivia,2016,
Bolivia,2017,
Bolivia,2018,
Bolivia,2019,
Bolivia,2020,
Brazil,2007,12.6985509
Brazil,2008,12.45746411
Brazil,2009,14.47452914
Brazil,2010,12.35322125
Brazil,2011,10.85046934
Brazil,2012,11.52449643
Brazil,2013,10.65130571
Brazil,2014,11.71722733
Brazil,2015,13.62314856
Brazil,2016,14.76575639
Brazil,2017,13.85253322
Brazil,2018,13.44294229
Brazil,2019,13.27405402
Brazil,2020,
Barbados,2007,
Barbados,2008,
Barbados,2009,
Barbados,2010,
Barbados,2011,
Barbados,2012,
Barbados,2013,
Barbados,2014,
Barbados,2015,
Barbados,2016,
Barbados,2017,
Barbados,2018,
Barbados,2019,13.69191338
Barbados,2020,
Brunei Darussalam,2007,
Brunei Darussalam,2008,
Brunei Darussalam,2009,20.67890885
Brunei Darussalam,2010,28.81604835
Brunei Darussalam,2011,22.55317594
Brunei Darussalam,2012,15.14408947
Brunei Darussalam,2013,17.03421204
Brunei Darussalam,2014,9.513763647
Brunei Darussalam,2015,19.5657169
Brunei Darussalam,2016,13.80353103
Brunei Darussalam,2017,30.35127697
Brunei Darussalam,2018,0.042430082
Brunei Darussalam,2019,8.503808747
Brunei Darussalam,2020,
Bhutan,2007,0.751439723
Bhutan,2008,0.126757285
Bhutan,2009,0.215969978
Bhutan,2010,0.137310611
Bhutan,2011,8.76e-05
Bhutan,2012,0.02303265
Bhutan,2013,
Bhutan,2014,
Bhutan,2015,
Bhutan,2016,
Bhutan,2017,
Bhutan,2018,
Bhutan,2019,
Bhutan,2020,
Botswana,2007,
Botswana,2008,
Botswana,2009,
Botswana,2010,
Botswana,2011,
Botswana,2012,
Botswana,2013,0.387967427
Botswana,2014,0.245767183
Botswana,2015,0.68877827
Botswana,2016,0.420866304
Botswana,2017,0.938314466
Botswana,2018,0.655100823
Botswana,2019,0.385021903
Botswana,2020,
Central African Republic,2007,
Central African Republic,2008,
Central African Republic,2009,
Central African Republic,2010,22.62927138
Central African Republic,2011,0.032534625
Central African Republic,2012,1.413306999
Central African Republic,2013,0.289135277
Central African Republic,2014,
Central African Republic,2015,5.268427891
Central African Republic,2016,11.77186196
Central African Republic,2017,22.07636113
Central African Republic,2018,29.01931909
Central African Republic,2019,
Central African Republic,2020,
Canada,2007,14.9010546
Canada,2008,15.38765995
Canada,2009,18.22358567
Canada,2010,15.89718957
Canada,2011,15.05172418
Canada,2012,15.93129484
Canada,2013,15.77685709
Canada,2014,15.04505966
Canada,2015,15.1461249
Canada,2016,14.41885817
Canada,2017,14.70105725
Canada,2018,15.69048913
Canada,2019,16.51307169
Canada,2020,
Central Europe and the Baltics,2007,10.92469381
Central Europe and the Baltics,2008,11.32235094
Central Europe and the Baltics,2009,12.91867136
Central Europe and the Baltics,2010,13.24959662
Central Europe and the Baltics,2011,12.95090723
Central Europe and the Baltics,2012,12.64503558
Central Europe and the Baltics,2013,12.4902688
Central Europe and the Baltics,2014,12.66299604
Central Europe and the Baltics,2015,13.19488625
Central Europe and the Baltics,2016,13.20346953
Central Europe and the Baltics,2017,13.02710231
Central Europe and the Baltics,2018,13.06982608
Central Europe and the Baltics,2019,13.14745182
Central Europe and the Baltics,2020,
Switzerland,2007,23.86086503
Switzerland,2008,24.88606281
Switzerland,2009,26.67118879
Switzerland,2010,25.82741866
Switzerland,2011,25.28558024
Switzerland,2012,26.29905418
Switzerland,2013,26.98907144
Switzerland,2014,26.88887616
Switzerland,2015,27.27706166
Switzerland,2016,27.34750853
Switzerland,2017,14.02940636
Switzerland,2018,13.32709561
Switzerland,2019,12.91396374
Switzerland,2020,12.84748504
Channel Islands,2007,
Channel Islands,2008,
Channel Islands,2009,
Channel Islands,2010,
Channel Islands,2011,
Channel Islands,2012,
Channel Islands,2013,
Channel Islands,2014,
Channel Islands,2015,
Channel Islands,2016,
Channel Islands,2017,
Channel Islands,2018,
Channel Islands,2019,
Channel Islands,2020,
Chile,2007,8.032328301
Chile,2008,7.069693034
Chile,2009,6.641758133
Chile,2010,6.556024072
Chile,2011,5.308838497
Chile,2012,5.398307761
Chile,2013,6.962894716
Chile,2014,7.318971313
Chile,2015,7.061323219
Chile,2016,8.543349479
Chile,2017,6.976647217
Chile,2018,6.891835411
Chile,2019,7.527474108
Chile,2020,
China,2007,30.15397172
China,2008,29.36566988
China,2009,31.94094521
China,2010,32.13547804
China,2011,30.48546293
China,2012,30.85059535
China,2013,31.57912806
China,2014,29.69645103
China,2015,30.42310804
China,2016,30.24421982
China,2017,30.90869414
China,2018,31.46958093
China,2019,30.78501209
China,2020,
Cote d'Ivoire,2007,
Cote d'Ivoire,2008,15.37769739
Cote d'Ivoire,2009,12.47413431
Cote d'Ivoire,2010,4.247803748
Cote d'Ivoire,2011,16.79995157
Cote d'Ivoire,2012,8.970499601
Cote d'Ivoire,2013,4.397067999
Cote d'Ivoire,2014,11.48007374
Cote d'Ivoire,2015,7.236432923
Cote d'Ivoire,2016,8.590604234
Cote d'Ivoire,2017,7.01551172
Cote d'Ivoire,2018,6.559932001
Cote d'Ivoire,2019,11.232924
Cote d'Ivoire,2020,
Cameroon,2007,
Cameroon,2008,
Cameroon,2009,
Cameroon,2010,
Cameroon,2011,
Cameroon,2012,
Cameroon,2013,3.325611149
Cameroon,2014,7.120381856
Cameroon,2015,4.881477979
Cameroon,2016,5.618417735
Cameroon,2017,6.017404499
Cameroon,2018,
Cameroon,2019,
Cameroon,2020,
"Congo, Dem. Rep.",2007,
"Congo, Dem. Rep.",2008,
"Congo, Dem. Rep.",2009,
"Congo, Dem. Rep.",2010,
"Congo, Dem. Rep.",2011,
"Congo, Dem. Rep.",2012,
"Congo, Dem. Rep.",2013,
"Congo, Dem. Rep.",2014,
"Congo, Dem. Rep.",2015,
"Congo, Dem. Rep.",2016,
"Congo, Dem. Rep.",2017,
"Congo, Dem. Rep.",2018,
"Congo, Dem. Rep.",2019,
"Congo, Dem. Rep.",2020,
"Congo, Rep.",2007,
"Congo, Rep.",2008,
"Congo, Rep.",2009,
"Congo, Rep.",2010,
"Congo, Rep.",2011,
"Congo, Rep.",2012,
"Congo, Rep.",2013,
"Congo, Rep.",2014,1.123074501
"Congo, Rep.",2015,1.088693469
"Congo, Rep.",2016,1.2213629
"Congo, Rep.",2017,2.189426449
"Congo, Rep.",2018,2.627891125
"Congo, Rep.",2019,6.671594467
"Congo, Rep.",2020,
Colombia,2007,3.065465412
Colombia,2008,4.017364655
Colombia,2009,5.583739456
Colombia,2010,5.491249617
Colombia,2011,4.713373353
Colombia,2012,5.747294448
Colombia,2013,7.851086191
Colombia,2014,8.120269727
Colombia,2015,9.85342256
Colombia,2016,10.33658258
Colombia,2017,8.992398114
Colombia,2018,7.254302214
Colombia,2019,9.124115414
Colombia,2020,
Comoros,2007,
Comoros,2008,
Comoros,2009,
Comoros,2010,
Comoros,2011,
Comoros,2012,
Comoros,2013,
Comoros,2014,2.126239687
Comoros,2015,3.136092819
Comoros,2016,0.452268289
Comoros,2017,27.24378835
Comoros,2018,0.171855653
Comoros,2019,3.031922602
Comoros,2020,
Cabo Verde,2007,
Cabo Verde,2008,
Cabo Verde,2009,
Cabo Verde,2010,
Cabo Verde,2011,0.601738999
Cabo Verde,2012,
Cabo Verde,2013,
Cabo Verde,2014,0.002953693
Cabo Verde,2015,
Cabo Verde,2016,
Cabo Verde,2017,
Cabo Verde,2018,9.64e-05
Cabo Verde,2019,
Cabo Verde,2020,
Costa Rica,2007,45.44471765
Costa Rica,2008,39.57330619
Costa Rica,2009,44.26176547
Costa Rica,2010,40.14781082
Costa Rica,2011,40.99701221
Costa Rica,2012,39.79189285
Costa Rica,2013,43.44138806
Costa Rica,2014,36.50761059
Costa Rica,2015,16.98570235
Costa Rica,2016,18.44283259
Costa Rica,2017,18.49841044
Costa Rica,2018,18.46687014
Costa Rica,2019,17.56490681
Costa Rica,2020,
Caribbean small states,2007,
Caribbean small states,2008,
Caribbean small states,2009,
Caribbean small states,2010,4.370164798
Caribbean small states,2011,
Caribbean small states,2012,
Caribbean small states,2013,
Caribbean small states,2014,
Caribbean small states,2015,
Caribbean small states,2016,4.998296722
Caribbean small states,2017,6.195253863
Caribbean small states,2018,5.941554734
Caribbean small states,2019,
Caribbean small states,2020,
Cuba,2007,
Cuba,2008,
Cuba,2009,
Cuba,2010,
Cuba,2011,
Cuba,2012,
Cuba,2013,
Cuba,2014,
Cuba,2015,
Cuba,2016,
Cuba,2017,
Cuba,2018,
Cuba,2019,
Cuba,2020,
Curacao,2007,
Curacao,2008,
Curacao,2009,
Curacao,2010,
Curacao,2011,
Curacao,2012,
Curacao,2013,
Curacao,2014,
Curacao,2015,
Curacao,2016,
Curacao,2017,
Curacao,2018,
Curacao,2019,
Curacao,2020,
Cayman Islands,2007,
Cayman Islands,2008,
Cayman Islands,2009,
Cayman Islands,2010,
Cayman Islands,2011,
Cayman Islands,2012,
Cayman Islands,2013,
Cayman Islands,2014,
Cayman Islands,2015,
Cayman Islands,2016,
Cayman Islands,2017,
Cayman Islands,2018,
Cayman Islands,2019,
Cayman Islands,2020,
Cyprus,2007,31.29565411
Cyprus,2008,32.01723917
Cyprus,2009,32.52942908
Cyprus,2010,38.20152023
Cyprus,2011,30.3585435
Cyprus,2012,16.59149708
Cyprus,2013,13.08339834
Cyprus,2014,14.52826214
Cyprus,2015,12.71082453
Cyprus,2016,13.34768864
Cyprus,2017,13.34996243
Cyprus,2018,19.87383673
Cyprus,2019,19.87421432
Cyprus,2020,
Czech Republic,2007,15.2365112
Czech Republic,2008,15.77567409
Czech Republic,2009,17.42748372
Czech Republic,2010,17.86505746
Czech Republic,2011,18.70501251
Czech Republic,2012,18.58275886
Czech Republic,2013,17.33810859
Czech Republic,2014,17.38660688
Czech Republic,2015,17.76992611
Czech Republic,2016,16.97265977
Czech Republic,2017,17.88264612
Czech Republic,2018,19.60878881
Czech Republic,2019,20.804636
Czech Republic,2020,
Germany,2007,15.4914459
Germany,2008,15.11269816
Germany,2009,16.84564932
Germany,2010,16.97450795
Germany,2011,16.41513595
Germany,2012,17.33249078
Germany,2013,17.36616268
Germany,2014,17.26047692
Germany,2015,17.85405921
Germany,2016,18.17252869
Germany,2017,15.84895846
Germany,2018,15.77146205
Germany,2019,16.42632709
Germany,2020,15.50305849
Djibouti,2007,
Djibouti,2008,
Djibouti,2009,0.923621421
Djibouti,2010,
Djibouti,2011,
Djibouti,2012,
Djibouti,2013,
Djibouti,2014,
Djibouti,2015,
Djibouti,2016,
Djibouti,2017,
Djibouti,2018,
Djibouti,2019,
Djibouti,2020,
Dominica,2007,
Dominica,2008,
Dominica,2009,
Dominica,2010,0.837412395
Dominica,2011,
Dominica,2012,9.006074095
Dominica,2013,
Dominica,2014,
Dominica,2015,
Dominica,2016,
Dominica,2017,
Dominica,2018,
Dominica,2019,
Dominica,2020,
Denmark,2007,18.31589229
Denmark,2008,16.92094451
Denmark,2009,18.92987261
Denmark,2010,15.46830164
Denmark,2011,15.27512411
Denmark,2012,15.82761556
Denmark,2013,15.83569656
Denmark,2014,15.71848209
Denmark,2015,17.18957243
Denmark,2016,14.89148073
Denmark,2017,12.50932317
Denmark,2018,12.37370797
Denmark,2019,12.04440921
Denmark,2020,13.26612218
Dominican Republic,2007,10.64440659
Dominican Republic,2008,3.739126646
Dominican Republic,2009,2.506950425
Dominican Republic,2010,2.349489881
Dominican Republic,2011,2.38651253
Dominican Republic,2012,3.200658343
Dominican Republic,2013,4.454537827
Dominican Republic,2014,4.304970425
Dominican Republic,2015,4.260574818
Dominican Republic,2016,4.76560352
Dominican Republic,2017,8.575012506
Dominican Republic,2018,6.997050165
Dominican Republic,2019,
Dominican Republic,2020,
Algeria,2007,1.203712831
Algeria,2008,1.041776055
Algeria,2009,1.176831871
Algeria,2010,1.168677212
Algeria,2011,0.541468119
Algeria,2012,0.343094834
Algeria,2013,0.569126975
Algeria,2014,0.328391618
Algeria,2015,0.233281062
Algeria,2016,0.48961408
Algeria,2017,0.960299341
Algeria,2018,
Algeria,2019,
Algeria,2020,
East Asia & Pacific (excluding high income),2007,29.7152629
East Asia & Pacific (excluding high income),2008,28.0724465
East Asia & Pacific (excluding high income),2009,32.56867663
East Asia & Pacific (excluding high income),2010,30.703915
East Asia & Pacific (excluding high income),2011,29.07292924
East Asia & Pacific (excluding high income),2012,29.66243906
East Asia & Pacific (excluding high income),2013,30.3757652
East Asia & Pacific (excluding high income),2014,29.16084861
East Asia & Pacific (excluding high income),2015,29.86488023
East Asia & Pacific (excluding high income),2016,29.85449578
East Asia & Pacific (excluding high income),2017,31.56890117
East Asia & Pacific (excluding high income),2018,32.1227451
East Asia & Pacific (excluding high income),2019,31.68634888
East Asia & Pacific (excluding high income),2020,
Early-demographic dividend,2007,
Early-demographic dividend,2008,
Early-demographic dividend,2009,8.757068446
Early-demographic dividend,2010,8.601475716
Early-demographic dividend,2011,8.083870156
Early-demographic dividend,2012,8.040703837
Early-demographic dividend,2013,7.89630988
Early-demographic dividend,2014,8.22479093
Early-demographic dividend,2015,8.629175351
Early-demographic dividend,2016,8.882020221
Early-demographic dividend,2017,10.66922598
Early-demographic dividend,2018,10.8950383
Early-demographic dividend,2019,11.84603293
Early-demographic dividend,2020,
East Asia & Pacific,2007,29.31612839
East Asia & Pacific,2008,28.89670957
East Asia & Pacific,2009,32.10978362
East Asia & Pacific,2010,30.66506893
East Asia & Pacific,2011,27.63834594
East Asia & Pacific,2012,27.73778011
East Asia & Pacific,2013,28.20967552
East Asia & Pacific,2014,27.23067252
East Asia & Pacific,2015,28.18557102
East Asia & Pacific,2016,28.07436913
East Asia & Pacific,2017,33.9035181
East Asia & Pacific,2018,34.72926474
East Asia & Pacific,2019,34.20257021
East Asia & Pacific,2020,
Europe & Central Asia (excluding high income),2007,5.64720134
Europe & Central Asia (excluding high income),2008,5.472153462
Europe & Central Asia (excluding high income),2009,8.888162999
Europe & Central Asia (excluding high income),2010,9.606004702
Europe & Central Asia (excluding high income),2011,8.097938331
Europe & Central Asia (excluding high income),2012,8.917698354
Europe & Central Asia (excluding high income),2013,10.55560263
Europe & Central Asia (excluding high income),2014,11.1612166
Europe & Central Asia (excluding high income),2015,12.46205591
Europe & Central Asia (excluding high income),2016,11.18495234
Europe & Central Asia (excluding high income),2017,9.433223821
Europe & Central Asia (excluding high income),2018,9.023090478
Europe & Central Asia (excluding high income),2019,10.54911461
Europe & Central Asia (excluding high income),2020,
Europe & Central Asia,2007,15.77327115
Europe & Central Asia,2008,15.38432584
Europe & Central Asia,2009,17.03055639
Europe & Central Asia,2010,17.48911845
Europe & Central Asia,2011,16.65550957
Europe & Central Asia,2012,16.64931871
Europe & Central Asia,2013,17.36895487
Europe & Central Asia,2014,16.93538548
Europe & Central Asia,2015,17.75824983
Europe & Central Asia,2016,18.00516218
Europe & Central Asia,2017,15.82779368
Europe & Central Asia,2018,15.37952087
Europe & Central Asia,2019,16.15024131
Europe & Central Asia,2020,
Ecuador,2007,
Ecuador,2008,5.592018826
Ecuador,2009,4.605033611
Ecuador,2010,8.769558303
Ecuador,2011,3.576748358
Ecuador,2012,2.933206015
Ecuador,2013,5.277751278
Ecuador,2014,5.637215391
Ecuador,2015,7.688544157
Ecuador,2016,9.192153676
Ecuador,2017,8.053772393
Ecuador,2018,5.289314901
Ecuador,2019,5.527952825
Ecuador,2020,
"Egypt, Arab Rep.",2007,
"Egypt, Arab Rep.",2008,1.044755044
"Egypt, Arab Rep.",2009,0.837069314
"Egypt, Arab Rep.",2010,0.95301989
"Egypt, Arab Rep.",2011,0.991983719
"Egypt, Arab Rep.",2012,0.616318566
"Egypt, Arab Rep.",2013,0.53483765
"Egypt, Arab Rep.",2014,1.252666005
"Egypt, Arab Rep.",2015,0.794362785
"Egypt, Arab Rep.",2016,0.504375413
"Egypt, Arab Rep.",2017,0.56523257
"Egypt, Arab Rep.",2018,0.865008479
"Egypt, Arab Rep.",2019,2.340478517
"Egypt, Arab Rep.",2020,
Euro area,2007,15.77778922
Euro area,2008,15.50476592
Euro area,2009,17.04123138
Euro area,2010,17.4626177
Euro area,2011,16.71736543
Euro area,2012,16.56121878
Euro area,2013,17.30679511
Euro area,2014,16.67271543
Euro area,2015,17.38122367
Euro area,2016,17.80017462
Euro area,2017,16.22625911
Euro area,2018,15.7982565
Euro area,2019,16.47394787
Euro area,2020,
Eritrea,2007,
Eritrea,2008,
Eritrea,2009,
Eritrea,2010,
Eritrea,2011,
Eritrea,2012,
Eritrea,2013,
Eritrea,2014,
Eritrea,2015,
Eritrea,2016,
Eritrea,2017,
Eritrea,2018,
Eritrea,2019,
Eritrea,2020,
Spain,2007,5.490019487
Spain,2008,5.586221639
Spain,2009,6.395681897
Spain,2010,
Spain,2011,
Spain,2012,7.225537525
Spain,2013,
Spain,2014,6.914876033
Spain,2015,6.888794662
Spain,2016,7.804606565
Spain,2017,7.002581693
Spain,2018,6.776586705
Spain,2019,6.860932302
Spain,2020,7.771266105
Estonia,2007,11.85108871
Estonia,2008,10.81081118
Estonia,2009,10.36109982
Estonia,2010,15.7345931
Estonia,2011,22.22682684
Estonia,2012,20.56775059
Estonia,2013,20.67587967
Estonia,2014,23.65193178
Estonia,2015,22.71316488
Estonia,2016,21.89272502
Estonia,2017,17.93921238
Estonia,2018,
Estonia,2019,
Estonia,2020,
Ethiopia,2007,
Ethiopia,2008,6.068792267
Ethiopia,2009,5.43459777
Ethiopia,2010,4.909817183
Ethiopia,2011,2.239753308
Ethiopia,2012,3.448878167
Ethiopia,2013,1.851465453
Ethiopia,2014,9.129798841
Ethiopia,2015,6.194386046
Ethiopia,2016,6.825015141
Ethiopia,2017,5.83079826
Ethiopia,2018,13.64514974
Ethiopia,2019,
Ethiopia,2020,
European Union,2007,15.59206394
European Union,2008,15.3579326
European Union,2009,16.92706015
European Union,2010,17.210152
European Union,2011,16.4856142
European Union,2012,16.29268652
European Union,2013,16.82969529
European Union,2014,16.31746254
European Union,2015,17.0106007
European Union,2016,17.31284453
European Union,2017,15.80203013
European Union,2018,15.42970104
European Union,2019,16.05547861
European Union,2020,
Fragile and conflict affected situations,2007,
Fragile and conflict affected situations,2008,
Fragile and conflict affected situations,2009,
Fragile and conflict affected situations,2010,
Fragile and conflict affected situations,2011,
Fragile and conflict affected situations,2012,
Fragile and conflict affected situations,2013,
Fragile and conflict affected situations,2014,
Fragile and conflict affected situations,2015,
Fragile and conflict affected situations,2016,
Fragile and conflict affected situations,2017,
Fragile and conflict affected situations,2018,
Fragile and conflict affected situations,2019,
Fragile and conflict affected situations,2020,
Finland,2007,21.76964202
Finland,2008,21.4923177
Finland,2009,18.01762555
Finland,2010,13.14800184
Finland,2011,11.07697248
Finland,2012,10.47575753
Finland,2013,9.024160634
Finland,2014,10.05239746
Finland,2015,10.18445398
Finland,2016,10.05228491
Finland,2017,9.656853847
Finland,2018,9.017583109
Finland,2019,9.214541081
Finland,2020,9.99874684
Fiji,2007,
Fiji,2008,3.955300385
Fiji,2009,5.06710109
Fiji,2010,4.191650185
Fiji,2011,4.333377447
Fiji,2012,2.38863545
Fiji,2013,2.375210821
Fiji,2014,2.58623733
Fiji,2015,2.057699716
Fiji,2016,2.70766422
Fiji,2017,3.528577302
Fiji,2018,3.809490622
Fiji,2019,22.0013002
Fiji,2020,
France,2007,20.31105108
France,2008,21.73115668
France,2009,24.3619292
France,2010,26.59523889
France,2011,25.32214926
France,2012,26.86989443
France,2013,27.2947157
France,2014,27.62024131
France,2015,28.33858302
France,2016,28.05637429
France,2017,26.13545185
France,2018,25.96983302
France,2019,26.99241184
France,2020,
Faroe Islands,2007,0.479344012
Faroe Islands,2008,4.804597815
Faroe Islands,2009,0.637987541
Faroe Islands,2010,
Faroe Islands,2011,
Faroe Islands,2012,
Faroe Islands,2013,
Faroe Islands,2014,
Faroe Islands,2015,
Faroe Islands,2016,
Faroe Islands,2017,
Faroe Islands,2018,
Faroe Islands,2019,
Faroe Islands,2020,
"Micronesia, Fed. Sts.",2007,
"Micronesia, Fed. Sts.",2008,
"Micronesia, Fed. Sts.",2009,
"Micronesia, Fed. Sts.",2010,
"Micronesia, Fed. Sts.",2011,
"Micronesia, Fed. Sts.",2012,
"Micronesia, Fed. Sts.",2013,
"Micronesia, Fed. Sts.",2014,
"Micronesia, Fed. Sts.",2015,
"Micronesia, Fed. Sts.",2016,
"Micronesia, Fed. Sts.",2017,
"Micronesia, Fed. Sts.",2018,
"Micronesia, Fed. Sts.",2019,
"Micronesia, Fed. Sts.",2020,
Gabon,2007,
Gabon,2008,
Gabon,2009,
Gabon,2010,
Gabon,2011,
Gabon,2012,
Gabon,2013,
Gabon,2014,
Gabon,2015,
Gabon,2016,
Gabon,2017,
Gabon,2018,
Gabon,2019,
Gabon,2020,
United Kingdom,2007,21.10294332
United Kingdom,2008,20.82902863
United Kingdom,2009,20.78694455
United Kingdom,2010,23.53732676
United Kingdom,2011,23.57803804
United Kingdom,2012,23.78812206
United Kingdom,2013,23.85748713
United Kingdom,2014,22.44936882
United Kingdom,2015,22.63422287
United Kingdom,2016,23.92718052
United Kingdom,2017,23.09321062
United Kingdom,2018,22.71719432
United Kingdom,2019,23.46813032
United Kingdom,2020,23.09862511
Georgia,2007,
Georgia,2008,
Georgia,2009,4.120193091
Georgia,2010,2.332453643
Georgia,2011,1.50732975
Georgia,2012,2.493542178
Georgia,2013,2.538402644
Georgia,2014,4.103700089
Georgia,2015,5.728468709
Georgia,2016,3.644104155
Georgia,2017,3.231528085
Georgia,2018,3.334938863
Georgia,2019,2.567375095
Georgia,2020,
Ghana,2007,
Ghana,2008,
Ghana,2009,
Ghana,2010,2.425957839
Ghana,2011,1.700740354
Ghana,2012,7.784491747
Ghana,2013,5.118657488
Ghana,2014,10.11930543
Ghana,2015,7.585437456
Ghana,2016,2.297897876
Ghana,2017,4.465476271
Ghana,2018,8.302212282
Ghana,2019,1.13778738
Ghana,2020,
Gibraltar,2007,
Gibraltar,2008,
Gibraltar,2009,
Gibraltar,2010,
Gibraltar,2011,
Gibraltar,2012,
Gibraltar,2013,
Gibraltar,2014,
Gibraltar,2015,
Gibraltar,2016,
Gibraltar,2017,
Gibraltar,2018,
Gibraltar,2019,
Gibraltar,2020,
Guinea,2007,
Guinea,2008,
Guinea,2009,
Guinea,2010,
Guinea,2011,
Guinea,2012,
Guinea,2013,2.496890652
Guinea,2014,5.082023907
Guinea,2015,0.959602475
Guinea,2016,0.899973973
Guinea,2017,
Guinea,2018,
Guinea,2019,
Guinea,2020,
"Gambia, The",2007,
"Gambia, The",2008,
"Gambia, The",2009,
"Gambia, The",2010,
"Gambia, The",2011,4.043761872
"Gambia, The",2012,0.175000964
"Gambia, The",2013,3.421293354
"Gambia, The",2014,
"Gambia, The",2015,1.064950432
"Gambia, The",2016,
"Gambia, The",2017,0.360382108
"Gambia, The",2018,1.741822108
"Gambia, The",2019,0.040954839
"Gambia, The",2020,0.886698822
Guinea-Bissau,2007,
Guinea-Bissau,2008,
Guinea-Bissau,2009,
Guinea-Bissau,2010,
Guinea-Bissau,2011,
Guinea-Bissau,2012,
Guinea-Bissau,2013,
Guinea-Bissau,2014,
Guinea-Bissau,2015,
Guinea-Bissau,2016,
Guinea-Bissau,2017,
Guinea-Bissau,2018,
Guinea-Bissau,2019,
Guinea-Bissau,2020,
Equatorial Guinea,2007,
Equatorial Guinea,2008,
Equatorial Guinea,2009,
Equatorial Guinea,2010,
Equatorial Guinea,2011,
Equatorial Guinea,2012,
Equatorial Guinea,2013,
Equatorial Guinea,2014,
Equatorial Guinea,2015,
Equatorial Guinea,2016,
Equatorial Guinea,2017,
Equatorial Guinea,2018,
Equatorial Guinea,2019,
Equatorial Guinea,2020,
Greece,2007,9.114508546
Greece,2008,11.10517931
Greece,2009,12.27124924
Greece,2010,11.61831333
Greece,2011,11.25013911
Greece,2012,10.14318488
Greece,2013,8.46757621
Greece,2014,11.4963461
Greece,2015,12.92549118
Greece,2016,13.71025751
Greece,2017,12.10901495
Greece,2018,12.94977838
Greece,2019,12.51486997
Greece,2020,13.25340195
Grenada,2007,
Grenada,2008,
Grenada,2009,
Grenada,2010,
Grenada,2011,
Grenada,2012,
Grenada,2013,
Grenada,2014,
Grenada,2015,
Grenada,2016,
Grenada,2017,
Grenada,2018,
Grenada,2019,
Grenada,2020,
Greenland,2007,14.10481423
Greenland,2008,4.272388466
Greenland,2009,1.636444244
Greenland,2010,47.27186915
Greenland,2011,8.709056562
Greenland,2012,47.28592503
Greenland,2013,1.461120061
Greenland,2014,1.042660592
Greenland,2015,78.47655602
Greenland,2016,4.80662318
Greenland,2017,4.337200055
Greenland,2018,1.709252768
Greenland,2019,
Greenland,2020,
Guatemala,2007,3.676232911
Guatemala,2008,4.33437075
Guatemala,2009,4.816683947
Guatemala,2010,6.33731461
Guatemala,2011,4.971641759
Guatemala,2012,5.070397172
Guatemala,2013,5.146507708
Guatemala,2014,5.390300002
Guatemala,2015,5.476202515
Guatemala,2016,5.815896145
Guatemala,2017,5.343573184
Guatemala,2018,5.310930765
Guatemala,2019,4.920136355
Guatemala,2020,6.063373757
Guam,2007,
Guam,2008,
Guam,2009,
Guam,2010,
Guam,2011,
Guam,2012,
Guam,2013,
Guam,2014,
Guam,2015,
Guam,2016,
Guam,2017,
Guam,2018,
Guam,2019,
Guam,2020,
Guyana,2007,0.343429748
Guyana,2008,0.110975926
Guyana,2009,0.041325773
Guyana,2010,0.189114951
Guyana,2011,0.230409936
Guyana,2012,0.123526347
Guyana,2013,0.296978499
Guyana,2014,0.217317495
Guyana,2015,0.177562735
Guyana,2016,0.197005818
Guyana,2017,0.090739337
Guyana,2018,0.215506908
Guyana,2019,
Guyana,2020,
High income,2007,20.61222896
High income,2008,20.08390247
High income,2009,21.42785142
High income,2010,21.12119214
High income,2011,19.22535836
High income,2012,18.72732184
High income,2013,18.89557376
High income,2014,18.6428859
High income,2015,19.55657323
High income,2016,19.75853181
High income,2017,20.15994963
High income,2018,20.02886467
High income,2019,20.43386799
High income,2020,
"Hong Kong SAR, China",2007,21.61775211
"Hong Kong SAR, China",2008,24.39024971
"Hong Kong SAR, China",2009,33.7878947
"Hong Kong SAR, China",2010,36.79520761
"Hong Kong SAR, China",2011,20.80910312
"Hong Kong SAR, China",2012,18.4953547
"Hong Kong SAR, China",2013,13.90104709
"Hong Kong SAR, China",2014,11.39063745
"Hong Kong SAR, China",2015,12.30272072
"Hong Kong SAR, China",2016,13.47080891
"Hong Kong SAR, China",2017,61.55535972
"Hong Kong SAR, China",2018,64.65500016
"Hong Kong SAR, China",2019,65.56644476
"Hong Kong SAR, China",2020,69.65047817
Honduras,2007,1.436866979
Honduras,2008,
Honduras,2009,2.3120572
Honduras,2010,2.631471141
Honduras,2011,1.727579708
Honduras,2012,2.795222971
Honduras,2013,
Honduras,2014,2.579693833
Honduras,2015,1.308471322
Honduras,2016,2.837923166
Honduras,2017,3.123585428
Honduras,2018,1.962644177
Honduras,2019,1.966731342
Honduras,2020,
Heavily indebted poor countries (HIPC),2007,
Heavily indebted poor countries (HIPC),2008,
Heavily indebted poor countries (HIPC),2009,
Heavily indebted poor countries (HIPC),2010,3.317556671
Heavily indebted poor countries (HIPC),2011,6.681187416
Heavily indebted poor countries (HIPC),2012,7.618728254
Heavily indebted poor countries (HIPC),2013,5.648172964
Heavily indebted poor countries (HIPC),2014,6.406548492
Heavily indebted poor countries (HIPC),2015,4.604890831
Heavily indebted poor countries (HIPC),2016,5.171645927
Heavily indebted poor countries (HIPC),2017,4.23372857
Heavily indebted poor countries (HIPC),2018,5.179696844
Heavily indebted poor countries (HIPC),2019,
Heavily indebted poor countries (HIPC),2020,
Croatia,2007,9.500559396
Croatia,2008,9.519285813
Croatia,2009,11.30824574
Croatia,2010,10.1821118
Croatia,2011,8.691106142
Croatia,2012,11.81205624
Croatia,2013,12.49349728
Croatia,2014,10.43897802
Croatia,2015,10.70642049
Croatia,2016,14.4016891
Croatia,2017,8.734939379
Croatia,2018,8.837440802
Croatia,2019,8.304374303
Croatia,2020,
Haiti,2007,
Haiti,2008,
Haiti,2009,
Haiti,2010,
Haiti,2011,
Haiti,2012,
Haiti,2013,
Haiti,2014,
Haiti,2015,
Haiti,2016,
Haiti,2017,
Haiti,2018,
Haiti,2019,
Haiti,2020,
Hungary,2007,26.0009524
Hungary,2008,24.96553561
Hungary,2009,26.72776271
Hungary,2010,25.92845675
Hungary,2011,25.17934673
Hungary,2012,21.22584037
Hungary,2013,19.38045334
Hungary,2014,16.69571175
Hungary,2015,17.08323362
Hungary,2016,17.607383
Hungary,2017,17.19094936
Hungary,2018,16.83471465
Hungary,2019,17.45780148
Hungary,2020,
IBRD only,2007,
IBRD only,2008,16.92899114
IBRD only,2009,20.24534135
IBRD only,2010,20.0176027
IBRD only,2011,18.24127507
IBRD only,2012,19.29616202
IBRD only,2013,19.97065342
IBRD only,2014,19.88200369
IBRD only,2015,20.98619721
IBRD only,2016,20.77730934
IBRD only,2017,21.40690975
IBRD only,2018,21.59953666
IBRD only,2019,22.29178138
IBRD only,2020,
IDA & IBRD total,2007,
IDA & IBRD total,2008,16.56608635
IDA & IBRD total,2009,19.60656859
IDA & IBRD total,2010,19.15288578
IDA & IBRD total,2011,17.53840514
IDA & IBRD total,2012,18.53081115
IDA & IBRD total,2013,19.264949
IDA & IBRD total,2014,19.22751073
IDA & IBRD total,2015,20.33184747
IDA & IBRD total,2016,20.18582922
IDA & IBRD total,2017,20.7277161
IDA & IBRD total,2018,20.97924764
IDA & IBRD total,2019,21.66557941
IDA & IBRD total,2020,
IDA total,2007,
IDA total,2008,
IDA total,2009,5.041366735
IDA total,2010,1.813942884
IDA total,2011,2.797361462
IDA total,2012,3.526939873
IDA total,2013,3.33861706
IDA total,2014,4.096553633
IDA total,2015,5.327039105
IDA total,2016,5.087793417
IDA total,2017,3.532269659
IDA total,2018,3.515768293
IDA total,2019,
IDA total,2020,
IDA blend,2007,
IDA blend,2008,
IDA blend,2009,2.973629079
IDA blend,2010,1.636455478
IDA blend,2011,1.459513305
IDA blend,2012,2.051023855
IDA blend,2013,2.900281071
IDA blend,2014,2.284153504
IDA blend,2015,7.188566305
IDA blend,2016,3.124073217
IDA blend,2017,2.539410423
IDA blend,2018,2.049476347
IDA blend,2019,2.601420075
IDA blend,2020,
Indonesia,2007,
Indonesia,2008,
Indonesia,2009,
Indonesia,2010,12.093252
Indonesia,2011,10.6569836
Indonesia,2012,10.69647796
Indonesia,2013,9.606564288
Indonesia,2014,9.305979485
Indonesia,2015,8.903089763
Indonesia,2016,8.002947978
Indonesia,2017,8.455446755
Indonesia,2018,8.222591579
Indonesia,2019,8.097892919
Indonesia,2020,
IDA only,2007,
IDA only,2008,
IDA only,2009,
IDA only,2010,2.009210207
IDA only,2011,4.439593125
IDA only,2012,5.318891163
IDA only,2013,3.767565984
IDA only,2014,
IDA only,2015,4.054132696
IDA only,2016,6.320815808
IDA only,2017,
IDA only,2018,
IDA only,2019,
IDA only,2020,
Isle of Man,2007,
Isle of Man,2008,
Isle of Man,2009,
Isle of Man,2010,
Isle of Man,2011,
Isle of Man,2012,
Isle of Man,2013,
Isle of Man,2014,
Isle of Man,2015,
Isle of Man,2016,
Isle of Man,2017,
Isle of Man,2018,
Isle of Man,2019,
Isle of Man,2020,
India,2007,
India,2008,
India,2009,9.678178305
India,2010,7.809744084
India,2011,7.891523386
India,2012,7.729531408
India,2013,8.883288734
India,2014,9.226508963
India,2015,8.039628032
India,2016,7.681523693
India,2017,7.389559618
India,2018,9.081063796
India,2019,10.29886438
India,2020,
Not classified,2007,
Not classified,2008,
Not classified,2009,
Not classified,2010,
Not classified,2011,
Not classified,2012,
Not classified,2013,
Not classified,2014,
Not classified,2015,
Not classified,2016,
Not classified,2017,
Not classified,2018,
Not classified,2019,
Not classified,2020,
Ireland,2007,30.77473899
Ireland,2008,28.86986019
Ireland,2009,26.48791557
Ireland,2010,22.91752332
Ireland,2011,24.91812668
Ireland,2012,25.6204253
Ireland,2013,24.98408574
Ireland,2014,24.9275132
Ireland,2015,28.35438307
Ireland,2016,32.84874345
Ireland,2017,29.19505191
Ireland,2018,24.82553629
Ireland,2019,25.9734867
Ireland,2020,25.72791698
"Iran, Islamic Rep.",2007,
"Iran, Islamic Rep.",2008,
"Iran, Islamic Rep.",2009,
"Iran, Islamic Rep.",2010,
"Iran, Islamic Rep.",2011,4.495728023
"Iran, Islamic Rep.",2012,
"Iran, Islamic Rep.",2013,1.605253429
"Iran, Islamic Rep.",2014,1.595942691
"Iran, Islamic Rep.",2015,1.601338158
"Iran, Islamic Rep.",2016,1.398752641
"Iran, Islamic Rep.",2017,1.363255652
"Iran, Islamic Rep.",2018,0.829719049
"Iran, Islamic Rep.",2019,
"Iran, Islamic Rep.",2020,
Iraq,2007,
Iraq,2008,
Iraq,2009,
Iraq,2010,
Iraq,2011,
Iraq,2012,
Iraq,2013,
Iraq,2014,
Iraq,2015,
Iraq,2016,
Iraq,2017,
Iraq,2018,
Iraq,2019,
Iraq,2020,
Iceland,2007,60.71198415
Iceland,2008,40.88715252
Iceland,2009,31.53946038
Iceland,2010,21.15775407
Iceland,2011,21.05263442
Iceland,2012,15.39351807
Iceland,2013,15.73542791
Iceland,2014,17.12339434
Iceland,2015,20.13938729
Iceland,2016,23.38923164
Iceland,2017,26.37598498
Iceland,2018,23.47336502
Iceland,2019,38.07920363
Iceland,2020,28.35889562
Israel,2007,7.626273484
Israel,2008,17.06157585
Israel,2009,23.3968275
Israel,2010,19.37617209
Israel,2011,18.3995425
Israel,2012,19.89187058
Israel,2013,19.03549644
Israel,2014,19.41371306
Israel,2015,22.89572703
Israel,2016,21.83221755
Israel,2017,21.06833006
Israel,2018,22.54165881
Israel,2019,23.09242282
Israel,2020,27.8502054
Italy,2007,7.187792634
Italy,2008,7.301027576
Italy,2009,8.394137082
Italy,2010,8.139714843
Italy,2011,8.065329249
Italy,2012,7.671225862
Italy,2013,7.90617846
Italy,2014,7.820628028
Italy,2015,8.265535563
Italy,2016,8.351433611
Italy,2017,7.891012603
Italy,2018,7.497143688
Italy,2019,7.833264155
Italy,2020,
Jamaica,2007,
Jamaica,2008,2.951906169
Jamaica,2009,1.923381946
Jamaica,2010,2.970409844
Jamaica,2011,7.331939997
Jamaica,2012,2.079426804
Jamaica,2013,3.566952552
Jamaica,2014,4.572056343
Jamaica,2015,1.036084958
Jamaica,2016,4.127507207
Jamaica,2017,5.739326237
Jamaica,2018,11.30402556
Jamaica,2019,3.064780819
Jamaica,2020,
Jordan,2007,1.133535156
Jordan,2008,0.917231145
Jordan,2009,1.413917336
Jordan,2010,2.862053244
Jordan,2011,2.550583978
Jordan,2012,2.367792919
Jordan,2013,1.679557613
Jordan,2014,1.80671198
Jordan,2015,2.577043113
Jordan,2016,3.377826713
Jordan,2017,1.812819656
Jordan,2018,1.50858476
Jordan,2019,1.36854377
Jordan,2020,
Japan,2007,20.083357
Japan,2008,18.84564935
Japan,2009,20.54611337
Japan,2010,19.13795902
Japan,2011,18.40883774
Japan,2012,18.27989673
Japan,2013,17.80868069
Japan,2014,17.79096365
Japan,2015,18.07168447
Japan,2016,17.62585119
Japan,2017,17.60554695
Japan,2018,17.30983477
Japan,2019,17.01945311
Japan,2020,18.65487854
Kazakhstan,2007,
Kazakhstan,2008,
Kazakhstan,2009,31.68688717
Kazakhstan,2010,35.35914604
Kazakhstan,2011,25.6819741
Kazakhstan,2012,31.0130054
Kazakhstan,2013,38.55300499
Kazakhstan,2014,39.28864948
Kazakhstan,2015,43.44494839
Kazakhstan,2016,32.14328046
Kazakhstan,2017,24.24211915
Kazakhstan,2018,23.47848968
Kazakhstan,2019,29.77547838
Kazakhstan,2020,
Kenya,2007,
Kenya,2008,4.694291356
Kenya,2009,6.062373102
Kenya,2010,6.716967001
Kenya,2011,
Kenya,2012,
Kenya,2013,4.068780736
Kenya,2014,
Kenya,2015,4.365945901
Kenya,2016,7.586035054
Kenya,2017,3.348549014
Kenya,2018,3.613323213
Kenya,2019,4.592515618
Kenya,2020,
Kyrgyz Republic,2007,
Kyrgyz Republic,2008,3.119105541
Kyrgyz Republic,2009,5.044537606
Kyrgyz Republic,2010,1.230755469
Kyrgyz Republic,2011,3.958059749
Kyrgyz Republic,2012,4.782588717
Kyrgyz Republic,2013,5.433781031
Kyrgyz Republic,2014,2.048257665
Kyrgyz Republic,2015,12.24602006
Kyrgyz Republic,2016,19.92677622
Kyrgyz Republic,2017,17.62284033
Kyrgyz Republic,2018,8.05235288
Kyrgyz Republic,2019,6.767634258
Kyrgyz Republic,2020,
Cambodia,2007,0.046797641
Cambodia,2008,0.091650038
Cambodia,2009,0.208915166
Cambodia,2010,0.15340939
Cambodia,2011,0.114782587
Cambodia,2012,0.259104007
Cambodia,2013,1.212855098
Cambodia,2014,0.505628348
Cambodia,2015,1.535160357
Cambodia,2016,1.858680898
Cambodia,2017,1.742382592
Cambodia,2018,1.409278877
Cambodia,2019,1.194021495
Cambodia,2020,
Kiribati,2007,
Kiribati,2008,
Kiribati,2009,
Kiribati,2010,
Kiribati,2011,
Kiribati,2012,
Kiribati,2013,
Kiribati,2014,2.759484638
Kiribati,2015,1.382543247
Kiribati,2016,2.759441361
Kiribati,2017,
Kiribati,2018,
Kiribati,2019,
Kiribati,2020,
St. Kitts and Nevis,2007,
St. Kitts and Nevis,2008,
St. Kitts and Nevis,2009,0.039078365
St. Kitts and Nevis,2010,1.301051927
St. Kitts and Nevis,2011,0.116633026
St. Kitts and Nevis,2012,35.76767411
St. Kitts and Nevis,2013,35.1205966
St. Kitts and Nevis,2014,27.63543911
St. Kitts and Nevis,2015,23.28034244
St. Kitts and Nevis,2016,25.76347428
St. Kitts and Nevis,2017,34.60264021
St. Kitts and Nevis,2018,
St. Kitts and Nevis,2019,
St. Kitts and Nevis,2020,
"Korea, Rep.",2007,32.22768451
"Korea, Rep.",2008,30.33420827
"Korea, Rep.",2009,32.06482384
"Korea, Rep.",2010,32.07527106
"Korea, Rep.",2011,28.18299356
"Korea, Rep.",2012,28.2250179
"Korea, Rep.",2013,29.81807664
"Korea, Rep.",2014,30.0603674
"Korea, Rep.",2015,31.22728013
"Korea, Rep.",2016,30.52687547
"Korea, Rep.",2017,32.55002668
"Korea, Rep.",2018,36.39144251
"Korea, Rep.",2019,32.4074909
"Korea, Rep.",2020,
Kuwait,2007,
Kuwait,2008,
Kuwait,2009,
Kuwait,2010,3.118550863
Kuwait,2011,2.772107903
Kuwait,2012,
Kuwait,2013,1.659975713
Kuwait,2014,0.13387561
Kuwait,2015,0.127428516
Kuwait,2016,0.146947066
Kuwait,2017,0.203527701
Kuwait,2018,4.11750765
Kuwait,2019,0.90276949
Kuwait,2020,
Latin America & Caribbean (excluding high income),2007,
Latin America & Caribbean (excluding high income),2008,13.84728855
Latin America & Caribbean (excluding high income),2009,15.11425462
Latin America & Caribbean (excluding high income),2010,14.48203648
Latin America & Caribbean (excluding high income),2011,14.18113351
Latin America & Caribbean (excluding high income),2012,13.76245941
Latin America & Caribbean (excluding high income),2013,13.86190516
Latin America & Caribbean (excluding high income),2014,13.82983764
Latin America & Caribbean (excluding high income),2015,14.31189531
Latin America & Caribbean (excluding high income),2016,15.29174533
Latin America & Caribbean (excluding high income),2017,15.34817085
Latin America & Caribbean (excluding high income),2018,14.82768621
Latin America & Caribbean (excluding high income),2019,14.77713015
Latin America & Caribbean (excluding high income),2020,
Lao PDR,2007,
Lao PDR,2008,
Lao PDR,2009,
Lao PDR,2010,6.325823486
Lao PDR,2011,8.161973359
Lao PDR,2012,8.77232289
Lao PDR,2013,9.813602163
Lao PDR,2014,24.9943425
Lao PDR,2015,35.18019606
Lao PDR,2016,33.57410029
Lao PDR,2017,37.95044722
Lao PDR,2018,38.01673934
Lao PDR,2019,20.60946392
Lao PDR,2020,
Lebanon,2007,3.047729609
Lebanon,2008,3.388611011
Lebanon,2009,8.236498901
Lebanon,2010,24.11593587
Lebanon,2011,2.950564941
Lebanon,2012,2.290655258
Lebanon,2013,2.700951336
Lebanon,2014,2.521160938
Lebanon,2015,2.188008533
Lebanon,2016,2.8225451
Lebanon,2017,7.609520855
Lebanon,2018,2.354760951
Lebanon,2019,
Lebanon,2020,
Liberia,2007,
Liberia,2008,
Liberia,2009,
Liberia,2010,
Liberia,2011,
Liberia,2012,
Liberia,2013,
Liberia,2014,
Liberia,2015,
Liberia,2016,
Liberia,2017,
Liberia,2018,
Liberia,2019,
Liberia,2020,
Libya,2007,
Libya,2008,
Libya,2009,
Libya,2010,
Libya,2011,
Libya,2012,
Libya,2013,
Libya,2014,
Libya,2015,
Libya,2016,
Libya,2017,
Libya,2018,
Libya,2019,
Libya,2020,
St. Lucia,2007,
St. Lucia,2008,
St. Lucia,2009,
St. Lucia,2010,
St. Lucia,2011,
St. Lucia,2012,8.167351265
St. Lucia,2013,8.518445421
St. Lucia,2014,6.26898307
St. Lucia,2015,4.558693322
St. Lucia,2016,6.42816144
St. Lucia,2017,4.569022939
St. Lucia,2018,14.33878777
St. Lucia,2019,10.54759421
St. Lucia,2020,
Latin America & Caribbean,2007,
Latin America & Caribbean,2008,13.18938005
Latin America & Caribbean,2009,14.18103936
Latin America & Caribbean,2010,13.63249688
Latin America & Caribbean,2011,13.33883776
Latin America & Caribbean,2012,13.05001844
Latin America & Caribbean,2013,13.24806047
Latin America & Caribbean,2014,13.2585789
Latin America & Caribbean,2015,13.78605346
Latin America & Caribbean,2016,14.64920852
Latin America & Caribbean,2017,14.59217565
Latin America & Caribbean,2018,14.07281742
Latin America & Caribbean,2019,14.1812502
Latin America & Caribbean,2020,
Least developed countries: UN classification,2007,
Least developed countries: UN classification,2008,
Least developed countries: UN classification,2009,
Least developed countries: UN classification,2010,
Least developed countries: UN classification,2011,
Least developed countries: UN classification,2012,
Least developed countries: UN classification,2013,
Least developed countries: UN classification,2014,
Least developed countries: UN classification,2015,6.270887847
Least developed countries: UN classification,2016,9.386952579
Least developed countries: UN classification,2017,
Least developed countries: UN classification,2018,
Least developed countries: UN classification,2019,
Least developed countries: UN classification,2020,
Low income,2007,
Low income,2008,
Low income,2009,
Low income,2010,
Low income,2011,
Low income,2012,
Low income,2013,
Low income,2014,
Low income,2015,
Low income,2016,
Low income,2017,
Low income,2018,
Low income,2019,
Low income,2020,
Liechtenstein,2007,
Liechtenstein,2008,
Liechtenstein,2009,
Liechtenstein,2010,
Liechtenstein,2011,
Liechtenstein,2012,
Liechtenstein,2013,
Liechtenstein,2014,
Liechtenstein,2015,
Liechtenstein,2016,
Liechtenstein,2017,
Liechtenstein,2018,
Liechtenstein,2019,
Liechtenstein,2020,
Sri Lanka,2007,
Sri Lanka,2008,1.877681285
Sri Lanka,2009,0.979319729
Sri Lanka,2010,1.130071585
Sri Lanka,2011,1.035499522
Sri Lanka,2012,0.950917409
Sri Lanka,2013,1.039435459
Sri Lanka,2014,0.954805671
Sri Lanka,2015,0.891656314
Sri Lanka,2016,0.943903946
Sri Lanka,2017,1.019916604
Sri Lanka,2018,
Sri Lanka,2019,
Sri Lanka,2020,
Lower middle income,2007,
Lower middle income,2008,
Lower middle income,2009,
Lower middle income,2010,6.893718908
Lower middle income,2011,6.974087255
Lower middle income,2012,8.164173411
Lower middle income,2013,8.768434553
Lower middle income,2014,9.384084443
Lower middle income,2015,10.45628386
Lower middle income,2016,10.95194378
Lower middle income,2017,14.31807259
Lower middle income,2018,15.17886794
Lower middle income,2019,17.71314913
Lower middle income,2020,
Low & middle income,2007,
Low & middle income,2008,17.40941448
Low & middle income,2009,20.45380442
Low & middle income,2010,19.86475211
Low & middle income,2011,18.16643679
Low & middle income,2012,19.12361765
Low & middle income,2013,19.84072944
Low & middle income,2014,19.77149709
Low & middle income,2015,20.88755395
Low & middle income,2016,20.76007253
Low & middle income,2017,21.38048957
Low & middle income,2018,21.69136109
Low & middle income,2019,22.47190495
Low & middle income,2020,
Lesotho,2007,
Lesotho,2008,
Lesotho,2009,
Lesotho,2010,
Lesotho,2011,
Lesotho,2012,
Lesotho,2013,
Lesotho,2014,
Lesotho,2015,0.212663319
Lesotho,2016,0.144839388
Lesotho,2017,0.208562084
Lesotho,2018,
Lesotho,2019,
Lesotho,2020,
Late-demographic dividend,2007,21.38084166
Late-demographic dividend,2008,18.85069923
Late-demographic dividend,2009,23.8574648
Late-demographic dividend,2010,23.75877751
Late-demographic dividend,2011,21.57445506
Late-demographic dividend,2012,21.33687672
Late-demographic dividend,2013,21.88081725
Late-demographic dividend,2014,22.14357464
Late-demographic dividend,2015,23.693447
Late-demographic dividend,2016,23.6871517
Late-demographic dividend,2017,23.5546667
Late-demographic dividend,2018,23.34148677
Late-demographic dividend,2019,23.70245938
Late-demographic dividend,2020,
Lithuania,2007,11.50089448
Lithuania,2008,11.83049038
Lithuania,2009,10.6033404
Lithuania,2010,11.25106392
Lithuania,2011,10.61569361
Lithuania,2012,11.03829888
Lithuania,2013,11.02308516
Lithuania,2014,11.13996319
Lithuania,2015,12.78353834
Lithuania,2016,12.64318504
Lithuania,2017,12.58001735
Lithuania,2018,12.10270948
Lithuania,2019,12.03012759
Lithuania,2020,12.03370448
Luxembourg,2007,10.70993361
Luxembourg,2008,8.010868708
Luxembourg,2009,10.31988504
Luxembourg,2010,8.776426552
Luxembourg,2011,9.046388991
Luxembourg,2012,8.68040788
Luxembourg,2013,6.843410364
Luxembourg,2014,5.9724979
Luxembourg,2015,7.106325883
Luxembourg,2016,7.967048244
Luxembourg,2017,7.147935404
Luxembourg,2018,6.973223984
Luxembourg,2019,6.579096794
Luxembourg,2020,5.62089978
Latvia,2007,7.50352085
Latvia,2008,7.452714623
Latvia,2009,8.755891101
Latvia,2010,8.451890709
Latvia,2011,9.470801178
Latvia,2012,11.40636947
Latvia,2013,15.4219758
Latvia,2014,17.72703908
Latvia,2015,18.92450337
Latvia,2016,17.24329818
Latvia,2017,17.71788063
Latvia,2018,20.57557838
Latvia,2019,17.24152126
Latvia,2020,20.61434343
"Macao SAR, China",2007,2.781777505
"Macao SAR, China",2008,3.471766495
"Macao SAR, China",2009,7.036238353
"Macao SAR, China",2010,
"Macao SAR, China",2011,
"Macao SAR, China",2012,
"Macao SAR, China",2013,
"Macao SAR, China",2014,0.163745238
"Macao SAR, China",2015,
"Macao SAR, China",2016,
"Macao SAR, China",2017,
"Macao SAR, China",2018,
"Macao SAR, China",2019,
"Macao SAR, China",2020,
St. Martin (French part),2007,
St. Martin (French part),2008,
St. Martin (French part),2009,
St. Martin (French part),2010,
St. Martin (French part),2011,
St. Martin (French part),2012,
St. Martin (French part),2013,
St. Martin (French part),2014,
St. Martin (French part),2015,
St. Martin (French part),2016,
St. Martin (French part),2017,
St. Martin (French part),2018,
St. Martin (French part),2019,
St. Martin (French part),2020,
Morocco,2007,
Morocco,2008,
Morocco,2009,
Morocco,2010,
Morocco,2011,
Morocco,2012,
Morocco,2013,
Morocco,2014,
Morocco,2015,3.703917011
Morocco,2016,3.744984772
Morocco,2017,3.863137661
Morocco,2018,4.0274618
Morocco,2019,4.89982035
Morocco,2020,
Monaco,2007,
Monaco,2008,
Monaco,2009,
Monaco,2010,
Monaco,2011,
Monaco,2012,
Monaco,2013,
Monaco,2014,
Monaco,2015,
Monaco,2016,
Monaco,2017,
Monaco,2018,
Monaco,2019,
Monaco,2020,
Moldova,2007,
Moldova,2008,
Moldova,2009,5.842389499
Moldova,2010,9.716681854
Moldova,2011,7.422116404
Moldova,2012,5.132546774
Moldova,2013,2.7667288
Moldova,2014,5.340283432
Moldova,2015,4.617075953
Moldova,2016,3.483887499
Moldova,2017,5.393474553
Moldova,2018,2.531574008
Moldova,2019,2.964391094
Moldova,2020,
Madagascar,2007,1.082028332
Madagascar,2008,0.721275582
Madagascar,2009,1.720136328
Madagascar,2010,1.214387924
Madagascar,2011,9.729187777
Madagascar,2012,0.455654597
Madagascar,2013,0.472787127
Madagascar,2014,0.637364472
Madagascar,2015,0.256953832
Madagascar,2016,0.768859294
Madagascar,2017,0.50394209
Madagascar,2018,0.395051888
Madagascar,2019,0.366303746
Madagascar,2020,
Maldives,2007,
Maldives,2008,
Maldives,2009,
Maldives,2010,
Maldives,2011,
Maldives,2012,
Maldives,2013,
Maldives,2014,
Maldives,2015,
Maldives,2016,0.025307379
Maldives,2017,0.14397589
Maldives,2018,
Maldives,2019,
Maldives,2020,
Middle East & North Africa,2007,
Middle East & North Africa,2008,
Middle East & North Africa,2009,
Middle East & North Africa,2010,
Middle East & North Africa,2011,3.722298244
Middle East & North Africa,2012,3.661080123
Middle East & North Africa,2013,3.292398906
Middle East & North Africa,2014,5.210548701
Middle East & North Africa,2015,5.163468655
Middle East & North Africa,2016,3.928405244
Middle East & North Africa,2017,3.838339552
Middle East & North Africa,2018,4.24804236
Middle East & North Africa,2019,4.69929172
Middle East & North Africa,2020,
Mexico,2007,
Mexico,2008,20.59007077
Mexico,2009,22.7121634
Mexico,2010,22.16713495
Mexico,2011,21.16782362
Mexico,2012,21.39471669
Mexico,2013,20.52990051
Mexico,2014,20.21722101
Mexico,2015,19.59355182
Mexico,2016,20.6431722
Mexico,2017,21.18307543
Mexico,2018,20.90818155
Mexico,2019,20.42305256
Mexico,2020,
Marshall Islands,2007,
Marshall Islands,2008,
Marshall Islands,2009,
Marshall Islands,2010,
Marshall Islands,2011,
Marshall Islands,2012,
Marshall Islands,2013,
Marshall Islands,2014,
Marshall Islands,2015,
Marshall Islands,2016,
Marshall Islands,2017,
Marshall Islands,2018,
Marshall Islands,2019,
Marshall Islands,2020,
Middle income,2007,
Middle income,2008,17.5103825
Middle income,2009,20.47427821
Middle income,2010,19.96027999
Middle income,2011,18.22508389
Middle income,2012,19.16486687
Middle income,2013,19.89129664
Middle income,2014,19.82731316
Middle income,2015,20.95210175
Middle income,2016,20.85152848
Middle income,2017,21.46713373
Middle income,2018,21.76545227
Middle income,2019,22.49340972
Middle income,2020,
North Macedonia,2007,0.902080461
North Macedonia,2008,1.291531138
North Macedonia,2009,3.164569027
North Macedonia,2010,3.556675518
North Macedonia,2011,4.110183411
North Macedonia,2012,4.070492672
North Macedonia,2013,3.782498779
North Macedonia,2014,3.296017976
North Macedonia,2015,3.369131035
North Macedonia,2016,2.081807154
North Macedonia,2017,3.981615625
North Macedonia,2018,4.049079845
North Macedonia,2019,4.222575404
North Macedonia,2020,4.181045551
Mali,2007,
Mali,2008,3.209588926
Mali,2009,
Mali,2010,4.48315327
Mali,2011,4.391430312
Mali,2012,2.256469332
Mali,2013,
Mali,2014,
Mali,2015,
Mali,2016,6.499346633
Mali,2017,1.244275184
Mali,2018,
Mali,2019,
Mali,2020,
Malta,2007,53.04066925
Malta,2008,50.4457335
Malta,2009,48.03183702
Malta,2010,47.17772341
Malta,2011,47.51594083
Malta,2012,46.09225956
Malta,2013,38.75162471
Malta,2014,34.75993281
Malta,2015,30.84408021
Malta,2016,22.28324593
Malta,2017,30.61758572
Malta,2018,33.15521866
Malta,2019,29.78167614
Malta,2020,
Myanmar,2007,
Myanmar,2008,
Myanmar,2009,
Myanmar,2010,0.002681273
Myanmar,2011,0.201949575
Myanmar,2012,1.013571984
Myanmar,2013,0.268343897
Myanmar,2014,0.627031527
Myanmar,2015,0.469787769
Myanmar,2016,7.533836716
Myanmar,2017,6.028703119
Myanmar,2018,
Myanmar,2019,
Myanmar,2020,
Middle East & North Africa (excluding high income),2007,
Middle East & North Africa (excluding high income),2008,
Middle East & North Africa (excluding high income),2009,
Middle East & North Africa (excluding high income),2010,
Middle East & North Africa (excluding high income),2011,3.125160892
Middle East & North Africa (excluding high income),2012,
Middle East & North Africa (excluding high income),2013,
Middle East & North Africa (excluding high income),2014,
Middle East & North Africa (excluding high income),2015,2.073340258
Middle East & North Africa (excluding high income),2016,2.12397831
Middle East & North Africa (excluding high income),2017,2.237056147
Middle East & North Africa (excluding high income),2018,
Middle East & North Africa (excluding high income),2019,
Middle East & North Africa (excluding high income),2020,
Montenegro,2007,
Montenegro,2008,9.032367604
Montenegro,2009,23.56673331
Montenegro,2010,10.34142913
Montenegro,2011,8.253606497
Montenegro,2012,10.78467825
Montenegro,2013,7.904502907
Montenegro,2014,14.61958358
Montenegro,2015,12.76544024
Montenegro,2016,5.564621508
Montenegro,2017,4.237936321
Montenegro,2018,3.153848877
Montenegro,2019,
Montenegro,2020,
Mongolia,2007,7.70594784
Mongolia,2008,
Mongolia,2009,
Mongolia,2010,
Mongolia,2011,
Mongolia,2012,
Mongolia,2013,16.2910692
Mongolia,2014,19.61596997
Mongolia,2015,4.164654231
Mongolia,2016,16.48462057
Mongolia,2017,3.467945584
Mongolia,2018,4.99382363
Mongolia,2019,18.94402064
Mongolia,2020,
Northern Mariana Islands,2007,
Northern Mariana Islands,2008,
Northern Mariana Islands,2009,
Northern Mariana Islands,2010,
Northern Mariana Islands,2011,
Northern Mariana Islands,2012,
Northern Mariana Islands,2013,
Northern Mariana Islands,2014,
Northern Mariana Islands,2015,
Northern Mariana Islands,2016,
Northern Mariana Islands,2017,
Northern Mariana Islands,2018,
Northern Mariana Islands,2019,
Northern Mariana Islands,2020,
Mozambique,2007,
Mozambique,2008,
Mozambique,2009,
Mozambique,2010,
Mozambique,2011,
Mozambique,2012,24.74088768
Mozambique,2013,13.86739731
Mozambique,2014,5.716550982
Mozambique,2015,
Mozambique,2016,1.672105927
Mozambique,2017,11.85475211
Mozambique,2018,5.648433095
Mozambique,2019,
Mozambique,2020,
Mauritania,2007,
Mauritania,2008,
Mauritania,2009,
Mauritania,2010,
Mauritania,2011,
Mauritania,2012,
Mauritania,2013,
Mauritania,2014,
Mauritania,2015,
Mauritania,2016,0.002046525
Mauritania,2017,
Mauritania,2018,
Mauritania,2019,0.013144802
Mauritania,2020,
Mauritius,2007,
Mauritius,2008,7.475826284
Mauritius,2009,2.007739291
Mauritius,2010,0.693280217
Mauritius,2011,0.800067383
Mauritius,2012,0.929231407
Mauritius,2013,0.575721791
Mauritius,2014,0.029877141
Mauritius,2015,0.114088195
Mauritius,2016,0.108502819
Mauritius,2017,2.38541138
Mauritius,2018,2.597958798
Mauritius,2019,2.143742448
Mauritius,2020,
Malawi,2007,
Malawi,2008,2.40727263
Malawi,2009,3.701807164
Malawi,2010,2.206416545
Malawi,2011,15.65687989
Malawi,2012,2.1113888
Malawi,2013,11.45701603
Malawi,2014,4.072816594
Malawi,2015,2.424888902
Malawi,2016,19.90866934
Malawi,2017,11.50193677
Malawi,2018,2.91470139
Malawi,2019,7.255989392
Malawi,2020,
Malaysia,2007,
Malaysia,2008,
Malaysia,2009,50.87170719
Malaysia,2010,49.311854
Malaysia,2011,47.22455138
Malaysia,2012,47.50221331
Malaysia,2013,48.47126951
Malaysia,2014,49.22759301
Malaysia,2015,48.48811605
Malaysia,2016,49.07043436
Malaysia,2017,51.1311255
Malaysia,2018,53.27388875
Malaysia,2019,51.84896235
Malaysia,2020,
North America,2007,26.77530158
North America,2008,25.82120758
North America,2009,23.54891621
North America,2010,21.56248757
North America,2011,19.76027038
North America,2012,19.6246072
North America,2013,19.58419294
North America,2014,19.74104567
North America,2015,20.58172086
North America,2016,21.28499109
North America,2017,18.6623665
North America,2018,18.19050552
North America,2019,18.48198404
North America,2020,19.75239403
Namibia,2007,5.422914474
Namibia,2008,1.142609886
Namibia,2009,1.631672893
Namibia,2010,1.969243707
Namibia,2011,1.825752639
Namibia,2012,5.367871807
Namibia,2013,2.792034787
Namibia,2014,3.64693311
Namibia,2015,0.439232074
Namibia,2016,2.225346267
Namibia,2017,0.181794602
Namibia,2018,0.219642271
Namibia,2019,0.236883641
Namibia,2020,0.477053022
New Caledonia,2007,
New Caledonia,2008,0.660733754
New Caledonia,2009,8.559208201
New Caledonia,2010,0.895989491
New Caledonia,2011,15.44593369
New Caledonia,2012,10.75819123
New Caledonia,2013,14.03023306
New Caledonia,2014,13.15387719
New Caledonia,2015,5.26729582
New Caledonia,2016,
New Caledonia,2017,
New Caledonia,2018,
New Caledonia,2019,
New Caledonia,2020,
Niger,2007,
Niger,2008,
Niger,2009,17.39210839
Niger,2010,8.046536185
Niger,2011,5.821426333
Niger,2012,13.19646582
Niger,2013,57.68815982
Niger,2014,60.29985291
Niger,2015,15.86162384
Niger,2016,2.979382799
Niger,2017,8.089111448
Niger,2018,2.968477835
Niger,2019,
Niger,2020,
Nigeria,2007,
Nigeria,2008,
Nigeria,2009,2.977161375
Nigeria,2010,1.1028981
Nigeria,2011,1.275536163
Nigeria,2012,1.978077378
Nigeria,2013,3.059587189
Nigeria,2014,2.265712058
Nigeria,2015,12.26259782
Nigeria,2016,2.351026085
Nigeria,2017,2.330351742
Nigeria,2018,1.928170245
Nigeria,2019,1.482401172
Nigeria,2020,
Nicaragua,2007,4.739661513
Nicaragua,2008,0.947223752
Nicaragua,2009,5.902934562
Nicaragua,2010,5.383435505
Nicaragua,2011,6.711652811
Nicaragua,2012,0.262801732
Nicaragua,2013,0.395542695
Nicaragua,2014,0.468464212
Nicaragua,2015,0.583114218
Nicaragua,2016,0.798709505
Nicaragua,2017,0.599501197
Nicaragua,2018,0.676881793
Nicaragua,2019,1.062570506
Nicaragua,2020,
Netherlands,2007,29.05965089
Netherlands,2008,26.04180995
Netherlands,2009,28.03612894
Netherlands,2010,27.88421381
Netherlands,2011,25.23701609
Netherlands,2012,25.51466221
Netherlands,2013,24.74114286
Netherlands,2014,24.62600197
Netherlands,2015,24.10412588
Netherlands,2016,24.03992027
Netherlands,2017,23.03818505
Netherlands,2018,22.5333026
Netherlands,2019,23.06481147
Netherlands,2020,
Norway,2007,17.98035963
Norway,2008,18.66944909
Norway,2009,19.82107045
Norway,2010,20.46978257
Norway,2011,21.60056309
Norway,2012,21.16410897
Norway,2013,21.06368047
Norway,2014,22.37551714
Norway,2015,22.33312634
Norway,2016,21.01214131
Norway,2017,21.63350708
Norway,2018,21.26694101
Norway,2019,22.61836249
Norway,2020,
Nepal,2007,
Nepal,2008,
Nepal,2009,0.428628768
Nepal,2010,0.686184554
Nepal,2011,0.415308031
Nepal,2012,0.136727857
Nepal,2013,0.321841421
Nepal,2014,0.719637884
Nepal,2015,0.635275668
Nepal,2016,0.822554461
Nepal,2017,1.18426055
Nepal,2018,
Nepal,2019,
Nepal,2020,
Nauru,2007,
Nauru,2008,
Nauru,2009,
Nauru,2010,
Nauru,2011,
Nauru,2012,
Nauru,2013,
Nauru,2014,
Nauru,2015,
Nauru,2016,
Nauru,2017,
Nauru,2018,
Nauru,2019,
Nauru,2020,
New Zealand,2007,10.04213008
New Zealand,2008,9.320599162
New Zealand,2009,9.910354633
New Zealand,2010,9.670709553
New Zealand,2011,9.992060147
New Zealand,2012,10.08248858
New Zealand,2013,10.72641037
New Zealand,2014,9.915461821
New Zealand,2015,10.11574406
New Zealand,2016,10.88208003
New Zealand,2017,9.259377698
New Zealand,2018,9.847063813
New Zealand,2019,9.865713421
New Zealand,2020,10.14497575
OECD members,2007,19.12140705
OECD members,2008,18.71273414
OECD members,2009,19.52312516
OECD members,2010,19.48310415
OECD members,2011,18.56236774
OECD members,2012,18.46766911
OECD members,2013,18.91491384
OECD members,2014,18.53917616
OECD members,2015,19.19909767
OECD members,2016,19.5159504
OECD members,2017,17.7320549
OECD members,2018,17.53626449
OECD members,2019,17.82528967
OECD members,2020,
Oman,2007,
Oman,2008,
Oman,2009,
Oman,2010,
Oman,2011,
Oman,2012,3.393229717
Oman,2013,3.443912015
Oman,2014,4.36109407
Oman,2015,3.243235719
Oman,2016,1.521005565
Oman,2017,1.116738628
Oman,2018,1.258040481
Oman,2019,
Oman,2020,
Other small states,2007,
Other small states,2008,
Other small states,2009,12.03592965
Other small states,2010,
Other small states,2011,8.924364765
Other small states,2012,6.675499258
Other small states,2013,6.081304113
Other small states,2014,6.277743001
Other small states,2015,9.568989148
Other small states,2016,7.180810722
Other small states,2017,8.417775487
Other small states,2018,7.38184187
Other small states,2019,8.851060344
Other small states,2020,
Pakistan,2007,
Pakistan,2008,1.924735018
Pakistan,2009,1.767061423
Pakistan,2010,1.728023545
Pakistan,2011,1.844092524
Pakistan,2012,1.725331234
Pakistan,2013,1.924888898
Pakistan,2014,1.448112842
Pakistan,2015,1.610357677
Pakistan,2016,1.957391636
Pakistan,2017,2.176368742
Pakistan,2018,2.169894282
Pakistan,2019,2.302693347
Pakistan,2020,1.887812516
Panama,2007,
Panama,2008,1.234267169
Panama,2009,1.373899883
Panama,2010,0.826045658
Panama,2011,36.20956289
Panama,2012,12.75313801
Panama,2013,14.39693276
Panama,2014,6.133474503
Panama,2015,6.074324355
Panama,2016,9.189359908
Panama,2017,13.70781231
Panama,2018,
Panama,2019,
Panama,2020,
Peru,2007,
Peru,2008,2.950094033
Peru,2009,3.728640053
Peru,2010,6.967140396
Peru,2011,6.542262163
Peru,2012,3.82556958
Peru,2013,4.109467411
Peru,2014,4.252188305
Peru,2015,5.414344428
Peru,2016,4.815734487
Peru,2017,5.139985364
Peru,2018,4.681209312
Peru,2019,4.078138711
Peru,2020,
Philippines,2007,
Philippines,2008,
Philippines,2009,
Philippines,2010,
Philippines,2011,
Philippines,2012,
Philippines,2013,
Philippines,2014,
Philippines,2015,
Philippines,2016,
Philippines,2017,60.31752511
Philippines,2018,61.34579397
Philippines,2019,62.24658142
Philippines,2020,
Palau,2007,
Palau,2008,
Palau,2009,
Palau,2010,
Palau,2011,
Palau,2012,
Palau,2013,
Palau,2014,20.28263822
Palau,2015,41.21994309
Palau,2016,60.45686096
Palau,2017,26.82768045
Palau,2018,51.68388214
Palau,2019,
Palau,2020,
Papua New Guinea,2007,
Papua New Guinea,2008,
Papua New Guinea,2009,
Papua New Guinea,2010,
Papua New Guinea,2011,23.76377845
Papua New Guinea,2012,4.456405985
Papua New Guinea,2013,
Papua New Guinea,2014,
Papua New Guinea,2015,
Papua New Guinea,2016,
Papua New Guinea,2017,
Papua New Guinea,2018,
Papua New Guinea,2019,
Papua New Guinea,2020,
Poland,2007,3.77680596
Poland,2008,5.231002996
Poland,2009,7.080921811
Poland,2010,7.717129655
Poland,2011,6.6196263
Poland,2012,7.897692808
Poland,2013,8.860413634
Poland,2014,10.259811
Poland,2015,11.02081018
Poland,2016,11.02917726
Poland,2017,10.90769366
Poland,2018,10.62125694
Poland,2019,10.11288296
Poland,2020,
Pre-demographic dividend,2007,
Pre-demographic dividend,2008,
Pre-demographic dividend,2009,
Pre-demographic dividend,2010,
Pre-demographic dividend,2011,
Pre-demographic dividend,2012,
Pre-demographic dividend,2013,
Pre-demographic dividend,2014,
Pre-demographic dividend,2015,
Pre-demographic dividend,2016,7.249111424
Pre-demographic dividend,2017,
Pre-demographic dividend,2018,
Pre-demographic dividend,2019,
Pre-demographic dividend,2020,
Puerto Rico,2007,
Puerto Rico,2008,
Puerto Rico,2009,
Puerto Rico,2010,
Puerto Rico,2011,
Puerto Rico,2012,
Puerto Rico,2013,
Puerto Rico,2014,
Puerto Rico,2015,
Puerto Rico,2016,
Puerto Rico,2017,
Puerto Rico,2018,
Puerto Rico,2019,
Puerto Rico,2020,
"Korea, Dem. People's Rep.",2007,
"Korea, Dem. People's Rep.",2008,
"Korea, Dem. People's Rep.",2009,
"Korea, Dem. People's Rep.",2010,
"Korea, Dem. People's Rep.",2011,
"Korea, Dem. People's Rep.",2012,
"Korea, Dem. People's Rep.",2013,
"Korea, Dem. People's Rep.",2014,
"Korea, Dem. People's Rep.",2015,
"Korea, Dem. People's Rep.",2016,
"Korea, Dem. People's Rep.",2017,
"Korea, Dem. People's Rep.",2018,
"Korea, Dem. People's Rep.",2019,
"Korea, Dem. People's Rep.",2020,
Portugal,2007,8.60303056
Portugal,2008,8.237526819
Portugal,2009,4.795556968
Portugal,2010,4.073176313
Portugal,2011,4.132772909
Portugal,2012,4.492890955
Portugal,2013,4.700111953
Portugal,2014,4.882511536
Portugal,2015,5.081193949
Portugal,2016,5.805325286
Portugal,2017,5.988083215
Portugal,2018,5.283888297
Portugal,2019,6.942215276
Portugal,2020,7.083804714
Paraguay,2007,6.963560243
Paraguay,2008,9.599998649
Paraguay,2009,12.03393609
Paraguay,2010,8.629719206
Paraguay,2011,10.0073322
Paraguay,2012,8.838164028
Paraguay,2013,8.626709271
Paraguay,2014,6.803182932
Paraguay,2015,6.03842113
Paraguay,2016,7.636267773
Paraguay,2017,6.431356166
Paraguay,2018,9.735859905
Paraguay,2019,7.182844204
Paraguay,2020,
West Bank and Gaza,2007,0.068595177
West Bank and Gaza,2008,0.185536046
West Bank and Gaza,2009,0.13035021
West Bank and Gaza,2010,0.355480921
West Bank and Gaza,2011,0.208594532
West Bank and Gaza,2012,0.316657811
West Bank and Gaza,2013,0.094799442
West Bank and Gaza,2014,0.234222699
West Bank and Gaza,2015,0.961927863
West Bank and Gaza,2016,0.717403679
West Bank and Gaza,2017,0.615204111
West Bank and Gaza,2018,0.850022139
West Bank and Gaza,2019,0.903315387
West Bank and Gaza,2020,
Pacific island small states,2007,
Pacific island small states,2008,
Pacific island small states,2009,4.450770396
Pacific island small states,2010,3.828008249
Pacific island small states,2011,3.942230712
Pacific island small states,2012,
Pacific island small states,2013,
Pacific island small states,2014,3.415374102
Pacific island small states,2015,4.078601335
Pacific island small states,2016,5.146729728
Pacific island small states,2017,3.884328078
Pacific island small states,2018,5.006280743
Pacific island small states,2019,19.86474139
Pacific island small states,2020,
Post-demographic dividend,2007,20.67854776
Post-demographic dividend,2008,20.48448647
Post-demographic dividend,2009,21.56623653
Post-demographic dividend,2010,22.08760519
Post-demographic dividend,2011,20.23773871
Post-demographic dividend,2012,20.03508248
Post-demographic dividend,2013,20.4153519
Post-demographic dividend,2014,19.77192251
Post-demographic dividend,2015,20.46105651
Post-demographic dividend,2016,20.61223235
Post-demographic dividend,2017,21.22414081
Post-demographic dividend,2018,21.25468576
Post-demographic dividend,2019,21.63383754
Post-demographic dividend,2020,
French Polynesia,2007,
French Polynesia,2008,
French Polynesia,2009,9.274124228
French Polynesia,2010,5.000212961
French Polynesia,2011,17.73558079
French Polynesia,2012,2.598981554
French Polynesia,2013,7.925036654
French Polynesia,2014,15.56429988
French Polynesia,2015,11.82096296
French Polynesia,2016,
French Polynesia,2017,
French Polynesia,2018,
French Polynesia,2019,
French Polynesia,2020,
Qatar,2007,
Qatar,2008,
Qatar,2009,0.027080653
Qatar,2010,
Qatar,2011,0.005507629
Qatar,2012,0.002334602
Qatar,2013,0.000580959
Qatar,2014,0.049124708
Qatar,2015,5.196289125
Qatar,2016,0.001132908
Qatar,2017,0.00550624
Qatar,2018,1.798843102
Qatar,2019,0.002503856
Qatar,2020,
Romania,2007,4.414387793
Romania,2008,6.922149054
Romania,2009,10.37230763
Romania,2010,12.52827031
Romania,2011,11.63583967
Romania,2012,8.179880332
Romania,2013,7.398175906
Romania,2014,8.413356782
Romania,2015,9.418182646
Romania,2016,10.39244372
Romania,2017,9.779693695
Romania,2018,10.07741425
Romania,2019,11.07256524
Romania,2020,
Russian Federation,2007,7.238133301
Russian Federation,2008,7.03333404
Russian Federation,2009,9.715599939
Russian Federation,2010,9.563299463
Russian Federation,2011,8.505657796
Russian Federation,2012,9.159842813
Russian Federation,2013,10.73281474
Russian Federation,2014,12.18386152
Russian Federation,2015,16.08198979
Russian Federation,2016,15.86382199
Russian Federation,2017,12.44106826
Russian Federation,2018,11.43970467
Russian Federation,2019,13.00276494
Russian Federation,2020,
Rwanda,2007,
Rwanda,2008,
Rwanda,2009,31.24967038
Rwanda,2010,7.117718759
Rwanda,2011,13.72529281
Rwanda,2012,5.085104054
Rwanda,2013,4.997348615
Rwanda,2014,11.85598974
Rwanda,2015,15.32509324
Rwanda,2016,13.53127924
Rwanda,2017,2.661184338
Rwanda,2018,2.571565367
Rwanda,2019,10.55160075
Rwanda,2020,
South Asia,2007,
South Asia,2008,
South Asia,2009,8.360391493
South Asia,2010,6.937177599
South Asia,2011,6.947837763
South Asia,2012,6.816393752
South Asia,2013,7.78877275
South Asia,2014,8.471228041
South Asia,2015,6.865746724
South Asia,2016,7.063714222
South Asia,2017,6.857583095
South Asia,2018,8.736968496
South Asia,2019,9.894824409
South Asia,2020,
Saudi Arabia,2007,0.684451151
Saudi Arabia,2008,0.778048813
Saudi Arabia,2009,1.095950717
Saudi Arabia,2010,0.750807804
Saudi Arabia,2011,0.590662976
Saudi Arabia,2012,0.661180465
Saudi Arabia,2013,0.712561212
Saudi Arabia,2014,0.590576497
Saudi Arabia,2015,0.787293711
Saudi Arabia,2016,1.304857803
Saudi Arabia,2017,0.734713746
Saudi Arabia,2018,0.543860569
Saudi Arabia,2019,0.648362934
Saudi Arabia,2020,
Sudan,2007,
Sudan,2008,0.102384311
Sudan,2009,32.74875339
Sudan,2010,0.202906282
Sudan,2011,1.383892849
Sudan,2012,
Sudan,2013,
Sudan,2014,
Sudan,2015,
Sudan,2016,
Sudan,2017,
Sudan,2018,
Sudan,2019,
Sudan,2020,
Senegal,2007,
Senegal,2008,5.810153022
Senegal,2009,13.63292697
Senegal,2010,1.862569172
Senegal,2011,0.895733605
Senegal,2012,0.862200758
Senegal,2013,1.480066987
Senegal,2014,1.824324499
Senegal,2015,3.749574829
Senegal,2016,2.71866597
Senegal,2017,2.162913757
Senegal,2018,2.809059816
Senegal,2019,0.935341144
Senegal,2020,
Singapore,2007,48.52859221
Singapore,2008,52.75668997
Singapore,2009,50.93045884
Singapore,2010,52.37193121
Singapore,2011,47.77568771
Singapore,2012,48.51652374
Singapore,2013,50.46861735
Singapore,2014,50.86894859
Singapore,2015,52.43906167
Singapore,2016,52.49432279
Singapore,2017,53.22024204
Singapore,2018,51.75669967
Singapore,2019,52.12820793
Singapore,2020,
Solomon Islands,2007,
Solomon Islands,2008,
Solomon Islands,2009,
Solomon Islands,2010,
Solomon Islands,2011,
Solomon Islands,2012,
Solomon Islands,2013,
Solomon Islands,2014,
Solomon Islands,2015,2.799395181
Solomon Islands,2016,1.742905012
Solomon Islands,2017,1.0224634
Solomon Islands,2018,1.359223255
Solomon Islands,2019,
Solomon Islands,2020,
Sierra Leone,2007,
Sierra Leone,2008,
Sierra Leone,2009,
Sierra Leone,2010,
Sierra Leone,2011,
Sierra Leone,2012,
Sierra Leone,2013,
Sierra Leone,2014,0.008480894
Sierra Leone,2015,0.006537046
Sierra Leone,2016,0.001261473
Sierra Leone,2017,0.064879818
Sierra Leone,2018,0.735508192
Sierra Leone,2019,
Sierra Leone,2020,
El Salvador,2007,6.316909676
El Salvador,2008,5.891204912
El Salvador,2009,6.469407478
El Salvador,2010,7.323011419
El Salvador,2011,6.635779953
El Salvador,2012,6.007837882
El Salvador,2013,5.655348284
El Salvador,2014,5.652586069
El Salvador,2015,4.982968822
El Salvador,2016,5.373189235
El Salvador,2017,5.736899848
El Salvador,2018,6.127901676
El Salvador,2019,5.119151008
El Salvador,2020,6.386698736
San Marino,2007,
San Marino,2008,
San Marino,2009,
San Marino,2010,
San Marino,2011,
San Marino,2012,
San Marino,2013,
San Marino,2014,
San Marino,2015,
San Marino,2016,
San Marino,2017,
San Marino,2018,
San Marino,2019,
San Marino,2020,
Somalia,2007,
Somalia,2008,
Somalia,2009,
Somalia,2010,
Somalia,2011,
Somalia,2012,
Somalia,2013,
Somalia,2014,
Somalia,2015,
Somalia,2016,
Somalia,2017,
Somalia,2018,
Somalia,2019,
Somalia,2020,
Serbia,2007,4.545214644
Serbia,2008,
Serbia,2009,
Serbia,2010,
Serbia,2011,
Serbia,2012,
Serbia,2013,
Serbia,2014,
Serbia,2015,
Serbia,2016,
Serbia,2017,
Serbia,2018,
Serbia,2019,
Serbia,2020,
Sub-Saharan Africa (excluding high income),2007,
Sub-Saharan Africa (excluding high income),2008,
Sub-Saharan Africa (excluding high income),2009,
Sub-Saharan Africa (excluding high income),2010,3.523868636
Sub-Saharan Africa (excluding high income),2011,4.203991035
Sub-Saharan Africa (excluding high income),2012,5.036336956
Sub-Saharan Africa (excluding high income),2013,4.780345061
Sub-Saharan Africa (excluding high income),2014,4.984126068
Sub-Saharan Africa (excluding high income),2015,7.878023955
Sub-Saharan Africa (excluding high income),2016,6.290584126
Sub-Saharan Africa (excluding high income),2017,6.418642235
Sub-Saharan Africa (excluding high income),2018,4.566857856
Sub-Saharan Africa (excluding high income),2019,3.878423608
Sub-Saharan Africa (excluding high income),2020,
South Sudan,2007,
South Sudan,2008,
South Sudan,2009,
South Sudan,2010,
South Sudan,2011,
South Sudan,2012,
South Sudan,2013,
South Sudan,2014,
South Sudan,2015,
South Sudan,2016,
South Sudan,2017,
South Sudan,2018,
South Sudan,2019,
South Sudan,2020,
Sub-Saharan Africa,2007,
Sub-Saharan Africa,2008,
Sub-Saharan Africa,2009,
Sub-Saharan Africa,2010,3.523868636
Sub-Saharan Africa,2011,4.203991035
Sub-Saharan Africa,2012,5.036336956
Sub-Saharan Africa,2013,4.802119599
Sub-Saharan Africa,2014,4.98710593
Sub-Saharan Africa,2015,7.878867715
Sub-Saharan Africa,2016,6.280392685
Sub-Saharan Africa,2017,6.595596795
Sub-Saharan Africa,2018,4.569385009
Sub-Saharan Africa,2019,3.870510316
Sub-Saharan Africa,2020,
Small states,2007,
Small states,2008,
Small states,2009,11.33783653
Small states,2010,
Small states,2011,8.823351974
Small states,2012,6.551868116
Small states,2013,6.007252582
Small states,2014,6.2207774
Small states,2015,9.3304764
Small states,2016,7.026542569
Small states,2017,8.219945189
Small states,2018,7.249477666
Small states,2019,
Small states,2020,
Sao Tome and Principe,2007,
Sao Tome and Principe,2008,
Sao Tome and Principe,2009,
Sao Tome and Principe,2010,
Sao Tome and Principe,2011,2.001836969
Sao Tome and Principe,2012,14.54785828
Sao Tome and Principe,2013,14.51788571
Sao Tome and Principe,2014,1.38764213
Sao Tome and Principe,2015,46.95713857
Sao Tome and Principe,2016,68.14284925
Sao Tome and Principe,2017,34.66415585
Sao Tome and Principe,2018,45.96726967
Sao Tome and Principe,2019,17.03026394
Sao Tome and Principe,2020,
Suriname,2007,
Suriname,2008,
Suriname,2009,
Suriname,2010,14.22401616
Suriname,2011,6.935176211
Suriname,2012,25.08869068
Suriname,2013,10.88441202
Suriname,2014,14.93506503
Suriname,2015,10.81283568
Suriname,2016,20.03224728
Suriname,2017,10.27714639
Suriname,2018,5.821902288
Suriname,2019,12.52179912
Suriname,2020,
Slovak Republic,2007,5.392435084
Slovak Republic,2008,5.085142922
Slovak Republic,2009,6.356168205
Slovak Republic,2010,7.354641744
Slovak Republic,2011,7.523075635
Slovak Republic,2012,9.577895165
Slovak Republic,2013,11.02396828
Slovak Republic,2014,11.14764922
Slovak Republic,2015,11.15859177
Slovak Republic,2016,10.75113426
Slovak Republic,2017,11.76540286
Slovak Republic,2018,10.63636485
Slovak Republic,2019,9.912570585
Slovak Republic,2020,
Slovenia,2007,5.685398149
Slovenia,2008,6.483709635
Slovenia,2009,6.847766281
Slovenia,2010,6.08031907
Slovenia,2011,6.217701465
Slovenia,2012,6.663193774
Slovenia,2013,6.73855967
Slovenia,2014,6.417225503
Slovenia,2015,7.025375595
Slovenia,2016,7.151213694
Slovenia,2017,6.509791222
Slovenia,2018,6.825121199
Slovenia,2019,7.354029839
Slovenia,2020,
Sweden,2007,16.87960968
Sweden,2008,17.35715
Sweden,2009,18.8582209
Sweden,2010,19.68053311
Sweden,2011,18.78196492
Sweden,2012,18.03573508
Sweden,2013,18.03452882
Sweden,2014,17.99858922
Sweden,2015,18.09032289
Sweden,2016,18.27160547
Sweden,2017,15.40393423
Sweden,2018,14.37504015
Sweden,2019,
Sweden,2020,
Eswatini,2007,
Eswatini,2008,0.349978057
Eswatini,2009,0.274186678
Eswatini,2010,0.23130849
Eswatini,2011,0.076379794
Eswatini,2012,0.065735529
Eswatini,2013,0.097260248
Eswatini,2014,0.081342713
Eswatini,2015,0.232643859
Eswatini,2016,0.199860512
Eswatini,2017,0.29324389
Eswatini,2018,0.924127066
Eswatini,2019,0.274638735
Eswatini,2020,
Sint Maarten (Dutch part),2007,
Sint Maarten (Dutch part),2008,
Sint Maarten (Dutch part),2009,
Sint Maarten (Dutch part),2010,
Sint Maarten (Dutch part),2011,
Sint Maarten (Dutch part),2012,
Sint Maarten (Dutch part),2013,
Sint Maarten (Dutch part),2014,
Sint Maarten (Dutch part),2015,
Sint Maarten (Dutch part),2016,
Sint Maarten (Dutch part),2017,
Sint Maarten (Dutch part),2018,
Sint Maarten (Dutch part),2019,
Sint Maarten (Dutch part),2020,
Seychelles,2007,
Seychelles,2008,
Seychelles,2009,
Seychelles,2010,
Seychelles,2011,
Seychelles,2012,
Seychelles,2013,10.88018219
Seychelles,2014,5.862670478
Seychelles,2015,8.107838676
Seychelles,2016,3.738239991
Seychelles,2017,49.63209016
Seychelles,2018,5.243567539
Seychelles,2019,2.19832182
Seychelles,2020,
Syrian Arab Republic,2007,
Syrian Arab Republic,2008,1.881492192
Syrian Arab Republic,2009,1.572221094
Syrian Arab Republic,2010,1.507287506
Syrian Arab Republic,2011,
Syrian Arab Republic,2012,
Syrian Arab Republic,2013,
Syrian Arab Republic,2014,
Syrian Arab Republic,2015,
Syrian Arab Republic,2016,
Syrian Arab Republic,2017,
Syrian Arab Republic,2018,
Syrian Arab Republic,2019,
Syrian Arab Republic,2020,
Turks and Caicos Islands,2007,
Turks and Caicos Islands,2008,
Turks and Caicos Islands,2009,
Turks and Caicos Islands,2010,
Turks and Caicos Islands,2011,2.100620439
Turks and Caicos Islands,2012,2.19852999
Turks and Caicos Islands,2013,
Turks and Caicos Islands,2014,
Turks and Caicos Islands,2015,
Turks and Caicos Islands,2016,
Turks and Caicos Islands,2017,
Turks and Caicos Islands,2018,
Turks and Caicos Islands,2019,
Turks and Caicos Islands,2020,
Chad,2007,
Chad,2008,
Chad,2009,
Chad,2010,
Chad,2011,
Chad,2012,
Chad,2013,
Chad,2014,
Chad,2015,
Chad,2016,
Chad,2017,
Chad,2018,
Chad,2019,
Chad,2020,
East Asia & Pacific (IDA & IBRD countries),2007,29.7152629
East Asia & Pacific (IDA & IBRD countries),2008,28.0724465
East Asia & Pacific (IDA & IBRD countries),2009,32.56867663
East Asia & Pacific (IDA & IBRD countries),2010,30.703915
East Asia & Pacific (IDA & IBRD countries),2011,29.07292924
East Asia & Pacific (IDA & IBRD countries),2012,29.66243906
East Asia & Pacific (IDA & IBRD countries),2013,30.3757652
East Asia & Pacific (IDA & IBRD countries),2014,29.16046214
East Asia & Pacific (IDA & IBRD countries),2015,29.86545371
East Asia & Pacific (IDA & IBRD countries),2016,29.85603143
East Asia & Pacific (IDA & IBRD countries),2017,31.56870931
East Asia & Pacific (IDA & IBRD countries),2018,32.12342532
East Asia & Pacific (IDA & IBRD countries),2019,31.68634888
East Asia & Pacific (IDA & IBRD countries),2020,
Europe & Central Asia (IDA & IBRD countries),2007,5.382168714
Europe & Central Asia (IDA & IBRD countries),2008,5.522088495
Europe & Central Asia (IDA & IBRD countries),2009,8.60291743
Europe & Central Asia (IDA & IBRD countries),2010,9.273660759
Europe & Central Asia (IDA & IBRD countries),2011,7.872293324
Europe & Central Asia (IDA & IBRD countries),2012,8.806537734
Europe & Central Asia (IDA & IBRD countries),2013,10.31162256
Europe & Central Asia (IDA & IBRD countries),2014,10.99037422
Europe & Central Asia (IDA & IBRD countries),2015,12.13293528
Europe & Central Asia (IDA & IBRD countries),2016,11.2226578
Europe & Central Asia (IDA & IBRD countries),2017,9.744084994
Europe & Central Asia (IDA & IBRD countries),2018,9.363865718
Europe & Central Asia (IDA & IBRD countries),2019,10.39560205
Europe & Central Asia (IDA & IBRD countries),2020,
Togo,2007,
Togo,2008,0.039613626
Togo,2009,0.076542176
Togo,2010,0.048432554
Togo,2011,0.302255197
Togo,2012,0.171441645
Togo,2013,0.220281691
Togo,2014,0.154375376
Togo,2015,0.430004083
Togo,2016,0.09980307
Togo,2017,0.74055702
Togo,2018,0.266495429
Togo,2019,0.147649582
Togo,2020,
Thailand,2007,27.89899842
Thailand,2008,26.34128517
Thailand,2009,27.5067049
Thailand,2010,26.29237293
Thailand,2011,22.71110277
Thailand,2012,22.84198202
Thailand,2013,22.14121394
Thailand,2014,22.68617529
Thailand,2015,23.94521256
Thailand,2016,24.1869014
Thailand,2017,25.12417341
Thailand,2018,23.72269295
Thailand,2019,23.61064719
Thailand,2020,
Tajikistan,2007,
Tajikistan,2008,
Tajikistan,2009,
Tajikistan,2010,
Tajikistan,2011,
Tajikistan,2012,
Tajikistan,2013,
Tajikistan,2014,
Tajikistan,2015,
Tajikistan,2016,
Tajikistan,2017,
Tajikistan,2018,
Tajikistan,2019,
Tajikistan,2020,
Turkmenistan,2007,
Turkmenistan,2008,
Turkmenistan,2009,
Turkmenistan,2010,
Turkmenistan,2011,
Turkmenistan,2012,
Turkmenistan,2013,
Turkmenistan,2014,
Turkmenistan,2015,
Turkmenistan,2016,
Turkmenistan,2017,
Turkmenistan,2018,
Turkmenistan,2019,
Turkmenistan,2020,
Latin America & the Caribbean (IDA & IBRD countries),2007,
Latin America & the Caribbean (IDA & IBRD countries),2008,13.18938005
Latin America & the Caribbean (IDA & IBRD countries),2009,14.26960855
Latin America & the Caribbean (IDA & IBRD countries),2010,13.69893041
Latin America & the Caribbean (IDA & IBRD countries),2011,13.35187661
Latin America & the Caribbean (IDA & IBRD countries),2012,13.05260209
Latin America & the Caribbean (IDA & IBRD countries),2013,13.26295831
Latin America & the Caribbean (IDA & IBRD countries),2014,13.27005047
Latin America & the Caribbean (IDA & IBRD countries),2015,13.80481556
Latin America & the Caribbean (IDA & IBRD countries),2016,14.72680244
Latin America & the Caribbean (IDA & IBRD countries),2017,14.63624205
Latin America & the Caribbean (IDA & IBRD countries),2018,14.13732055
Latin America & the Caribbean (IDA & IBRD countries),2019,14.18218774
Latin America & the Caribbean (IDA & IBRD countries),2020,
Timor-Leste,2007,
Timor-Leste,2008,
Timor-Leste,2009,
Timor-Leste,2010,
Timor-Leste,2011,
Timor-Leste,2012,
Timor-Leste,2013,
Timor-Leste,2014,
Timor-Leste,2015,
Timor-Leste,2016,
Timor-Leste,2017,
Timor-Leste,2018,
Timor-Leste,2019,
Timor-Leste,2020,
Middle East & North Africa (IDA & IBRD countries),2007,
Middle East & North Africa (IDA & IBRD countries),2008,
Middle East & North Africa (IDA & IBRD countries),2009,
Middle East & North Africa (IDA & IBRD countries),2010,
Middle East & North Africa (IDA & IBRD countries),2011,3.141284955
Middle East & North Africa (IDA & IBRD countries),2012,
Middle East & North Africa (IDA & IBRD countries),2013,
Middle East & North Africa (IDA & IBRD countries),2014,
Middle East & North Africa (IDA & IBRD countries),2015,2.083907096
Middle East & North Africa (IDA & IBRD countries),2016,2.136939012
Middle East & North Africa (IDA & IBRD countries),2017,2.252229846
Middle East & North Africa (IDA & IBRD countries),2018,
Middle East & North Africa (IDA & IBRD countries),2019,
Middle East & North Africa (IDA & IBRD countries),2020,
Tonga,2007,
Tonga,2008,
Tonga,2009,1.09134111
Tonga,2010,0.038762918
Tonga,2011,0.07884325
Tonga,2012,6.630684691
Tonga,2013,5.973503093
Tonga,2014,2.696506088
Tonga,2015,
Tonga,2016,
Tonga,2017,
Tonga,2018,
Tonga,2019,
Tonga,2020,
South Asia (IDA & IBRD),2007,
South Asia (IDA & IBRD),2008,
South Asia (IDA & IBRD),2009,8.360391493
South Asia (IDA & IBRD),2010,6.937177599
South Asia (IDA & IBRD),2011,6.947837763
South Asia (IDA & IBRD),2012,6.816393752
South Asia (IDA & IBRD),2013,7.78877275
South Asia (IDA & IBRD),2014,8.471228041
South Asia (IDA & IBRD),2015,6.865746724
South Asia (IDA & IBRD),2016,7.063714222
South Asia (IDA & IBRD),2017,6.857583095
South Asia (IDA & IBRD),2018,8.736968496
South Asia (IDA & IBRD),2019,9.894824409
South Asia (IDA & IBRD),2020,
Sub-Saharan Africa (IDA & IBRD countries),2007,
Sub-Saharan Africa (IDA & IBRD countries),2008,
Sub-Saharan Africa (IDA & IBRD countries),2009,
Sub-Saharan Africa (IDA & IBRD countries),2010,3.523868636
Sub-Saharan Africa (IDA & IBRD countries),2011,4.203991035
Sub-Saharan Africa (IDA & IBRD countries),2012,5.036336956
Sub-Saharan Africa (IDA & IBRD countries),2013,4.802119599
Sub-Saharan Africa (IDA & IBRD countries),2014,4.98710593
Sub-Saharan Africa (IDA & IBRD countries),2015,7.878867715
Sub-Saharan Africa (IDA & IBRD countries),2016,6.280392685
Sub-Saharan Africa (IDA & IBRD countries),2017,6.595596795
Sub-Saharan Africa (IDA & IBRD countries),2018,4.569385009
Sub-Saharan Africa (IDA & IBRD countries),2019,3.870510316
Sub-Saharan Africa (IDA & IBRD countries),2020,
Trinidad and Tobago,2007,1.604635611
Trinidad and Tobago,2008,0.774398407
Trinidad and Tobago,2009,0.259351813
Trinidad and Tobago,2010,0.092252728
Trinidad and Tobago,2011,0.123158048
Trinidad and Tobago,2012,0.762964138
Trinidad and Tobago,2013,0.181789479
Trinidad and Tobago,2014,0.136127589
Trinidad and Tobago,2015,0.137844786
Trinidad and Tobago,2016,
Trinidad and Tobago,2017,
Trinidad and Tobago,2018,
Trinidad and Tobago,2019,
Trinidad and Tobago,2020,
Tunisia,2007,
Tunisia,2008,5.606503597
Tunisia,2009,6.85508417
Tunisia,2010,8.006293808
Tunisia,2011,8.326128465
Tunisia,2012,7.057662263
Tunisia,2013,6.458873599
Tunisia,2014,6.765407908
Tunisia,2015,7.785447378
Tunisia,2016,7.930065621
Tunisia,2017,7.389962485
Tunisia,2018,6.797048517
Tunisia,2019,6.885865649
Tunisia,2020,
Turkey,2007,2.172191965
Turkey,2008,1.857103725
Turkey,2009,2.023809682
Turkey,2010,2.200943062
Turkey,2011,2.115045777
Turkey,2012,2.164143057
Turkey,2013,3.277001678
Turkey,2014,3.557398907
Turkey,2015,3.610654636
Turkey,2016,3.197307947
Turkey,2017,3.402770225
Turkey,2018,2.816013916
Turkey,2019,3.043544219
Turkey,2020,
Tuvalu,2007,
Tuvalu,2008,
Tuvalu,2009,
Tuvalu,2010,
Tuvalu,2011,
Tuvalu,2012,
Tuvalu,2013,
Tuvalu,2014,
Tuvalu,2015,
Tuvalu,2016,
Tuvalu,2017,
Tuvalu,2018,
Tuvalu,2019,
Tuvalu,2020,
Tanzania,2007,
Tanzania,2008,2.23014988
Tanzania,2009,3.482623806
Tanzania,2010,3.866558456
Tanzania,2011,5.902994821
Tanzania,2012,11.34277516
Tanzania,2013,6.714585786
Tanzania,2014,3.384020409
Tanzania,2015,0.853175014
Tanzania,2016,2.319270394
Tanzania,2017,2.559571657
Tanzania,2018,6.891609053
Tanzania,2019,
Tanzania,2020,
Uganda,2007,
Uganda,2008,1.48889549
Uganda,2009,1.305182037
Uganda,2010,2.570754844
Uganda,2011,22.55284519
Uganda,2012,21.88364964
Uganda,2013,2.107997372
Uganda,2014,2.678430137
Uganda,2015,2.297024304
Uganda,2016,2.046649447
Uganda,2017,2.053875668
Uganda,2018,3.530151591
Uganda,2019,
Uganda,2020,2.102593394
Ukraine,2007,
Ukraine,2008,
Ukraine,2009,
Ukraine,2010,
Ukraine,2011,5.069675872
Ukraine,2012,7.033270678
Ukraine,2013,6.853414779
Ukraine,2014,7.691961601
Ukraine,2015,8.7462997
Ukraine,2016,7.409918601
Ukraine,2017,6.438007168
Ukraine,2018,5.578933779
Ukraine,2019,
Ukraine,2020,
Upper middle income,2007,20.14035346
Upper middle income,2008,18.8437929
Upper middle income,2009,23.286315
Upper middle income,2010,23.38084047
Upper middle income,2011,21.70406952
Upper middle income,2012,22.16416293
Upper middle income,2013,23.08414796
Upper middle income,2014,22.69438978
Upper middle income,2015,23.95490213
Upper middle income,2016,23.7939695
Upper middle income,2017,23.79597435
Upper middle income,2018,23.77404197
Upper middle income,2019,23.81373624
Upper middle income,2020,
Uruguay,2007,3.678288222
Uruguay,2008,5.328904091
Uruguay,2009,6.360343323
Uruguay,2010,7.260326909
Uruguay,2011,6.697487371
Uruguay,2012,9.903988677
Uruguay,2013,9.228398711
Uruguay,2014,8.553454711
Uruguay,2015,14.74248759
Uruguay,2016,10.59605342
Uruguay,2017,8.491142633
Uruguay,2018,7.621977974
Uruguay,2019,8.191826777
Uruguay,2020,
United States,2007,30.37322923
United States,2008,28.85784981
United States,2009,24.86777418
United States,2010,23.001461
United States,2011,20.98457948
United States,2012,20.55940432
United States,2013,20.52684609
United States,2014,20.86079735
United States,2015,21.75986712
United States,2016,22.72374714
United States,2017,19.5199017
United States,2018,18.74174054
United States,2019,18.93354799
United States,2020,19.75239403
Uzbekistan,2007,
Uzbekistan,2008,
Uzbekistan,2009,
Uzbekistan,2010,
Uzbekistan,2011,
Uzbekistan,2012,
Uzbekistan,2013,
Uzbekistan,2014,
Uzbekistan,2015,
Uzbekistan,2016,
Uzbekistan,2017,1.611452236
Uzbekistan,2018,0.464918974
Uzbekistan,2019,0.725248058
Uzbekistan,2020,1.56866082
St. Vincent and the Grenadines,2007,
St. Vincent and the Grenadines,2008,
St. Vincent and the Grenadines,2009,0.819113296
St. Vincent and the Grenadines,2010,0.155865233
St. Vincent and the Grenadines,2011,0.026135304
St. Vincent and the Grenadines,2012,0.050756063
St. Vincent and the Grenadines,2013,0.214005
St. Vincent and the Grenadines,2014,0.046039138
St. Vincent and the Grenadines,2015,
St. Vincent and the Grenadines,2016,0.003988753
St. Vincent and the Grenadines,2017,0.000819764
St. Vincent and the Grenadines,2018,0.001089288
St. Vincent and the Grenadines,2019,9.926151019
St. Vincent and the Grenadines,2020,
"Venezuela, RB",2007,
"Venezuela, RB",2008,
"Venezuela, RB",2009,
"Venezuela, RB",2010,
"Venezuela, RB",2011,
"Venezuela, RB",2012,
"Venezuela, RB",2013,
"Venezuela, RB",2014,
"Venezuela, RB",2015,
"Venezuela, RB",2016,
"Venezuela, RB",2017,
"Venezuela, RB",2018,
"Venezuela, RB",2019,
"Venezuela, RB",2020,
British Virgin Islands,2007,
British Virgin Islands,2008,
British Virgin Islands,2009,
British Virgin Islands,2010,
British Virgin Islands,2011,
British Virgin Islands,2012,
British Virgin Islands,2013,
British Virgin Islands,2014,
British Virgin Islands,2015,
British Virgin Islands,2016,
British Virgin Islands,2017,
British Virgin Islands,2018,
British Virgin Islands,2019,
British Virgin Islands,2020,
Virgin Islands (U.S.),2007,
Virgin Islands (U.S.),2008,
Virgin Islands (U.S.),2009,
Virgin Islands (U.S.),2010,
Virgin Islands (U.S.),2011,
Virgin Islands (U.S.),2012,
Virgin Islands (U.S.),2013,
Virgin Islands (U.S.),2014,
Virgin Islands (U.S.),2015,
Virgin Islands (U.S.),2016,
Virgin Islands (U.S.),2017,
Virgin Islands (U.S.),2018,
Virgin Islands (U.S.),2019,
Virgin Islands (U.S.),2020,
Vietnam,2007,
Vietnam,2008,8.829579032
Vietnam,2009,10.52367722
Vietnam,2010,13.12845176
Vietnam,2011,18.81052406
Vietnam,2012,27.16079684
Vietnam,2013,33.59562197
Vietnam,2014,32.05589553
Vietnam,2015,36.36841281
Vietnam,2016,38.05584795
Vietnam,2017,41.73807003
Vietnam,2018,40.75124077
Vietnam,2019,40.43606065
Vietnam,2020,
Vanuatu,2007,
Vanuatu,2008,
Vanuatu,2009,
Vanuatu,2010,
Vanuatu,2011,
Vanuatu,2012,
Vanuatu,2013,
Vanuatu,2014,
Vanuatu,2015,
Vanuatu,2016,
Vanuatu,2017,
Vanuatu,2018,
Vanuatu,2019,
Vanuatu,2020,
World,2007,20.41333844
World,2008,19.50288755
World,2009,21.18521857
World,2010,20.75814753
World,2011,18.90346904
World,2012,18.84500251
World,2013,19.1850749
World,2014,18.9765514
World,2015,19.95435884
World,2016,20.05007829
World,2017,20.52726782
World,2018,20.52669011
World,2019,21.04089828
World,2020,
Samoa,2007,
Samoa,2008,
Samoa,2009,0.573530825
Samoa,2010,1.270792386
Samoa,2011,1.030545546
Samoa,2012,0.301258665
Samoa,2013,0.695837344
Samoa,2014,1.976740084
Samoa,2015,0.814942122
Samoa,2016,1.018478814
Samoa,2017,1.394586109
Samoa,2018,3.095229539
Samoa,2019,2.279035222
Samoa,2020,
Kosovo,2007,
Kosovo,2008,
Kosovo,2009,
Kosovo,2010,
Kosovo,2011,
Kosovo,2012,
Kosovo,2013,
Kosovo,2014,
Kosovo,2015,
Kosovo,2016,
Kosovo,2017,
Kosovo,2018,
Kosovo,2019,
Kosovo,2020,
"Yemen, Rep.",2007,
"Yemen, Rep.",2008,
"Yemen, Rep.",2009,0.579934003
"Yemen, Rep.",2010,0.572957491
"Yemen, Rep.",2011,0.665766124
"Yemen, Rep.",2012,0.673180158
"Yemen, Rep.",2013,3.301955175
"Yemen, Rep.",2014,1.450963852
"Yemen, Rep.",2015,8.016892182
"Yemen, Rep.",2016,
"Yemen, Rep.",2017,
"Yemen, Rep.",2018,
"Yemen, Rep.",2019,
"Yemen, Rep.",2020,
South Africa,2007,5.954104058
South Africa,2008,5.482520236
South Africa,2009,5.915976686
South Africa,2010,6.23054382
South Africa,2011,6.20210557
South Africa,2012,6.685170637
South Africa,2013,6.524672378
South Africa,2014,6.662134573
South Africa,2015,7.420193549
South Africa,2016,6.657803321
South Africa,2017,5.679586456
South Africa,2018,5.287441295
South Africa,2019,4.894529683
South Africa,2020,5.628044981
Zambia,2007,
Zambia,2008,1.437535833
Zambia,2009,1.456437465
Zambia,2010,0.756216108
Zambia,2011,1.735641026
Zambia,2012,3.97659305
Zambia,2013,2.248590388
Zambia,2014,1.69861411
Zambia,2015,6.786930823
Zambia,2016,27.41333278
Zambia,2017,4.109835547
Zambia,2018,2.002261683
Zambia,2019,2.313785373
Zambia,2020,1.366546222
Zimbabwe,2007,
Zimbabwe,2008,14.36418329
Zimbabwe,2009,2.794786
Zimbabwe,2010,1.950834496
Zimbabwe,2011,2.781006711
Zimbabwe,2012,6.219149744
Zimbabwe,2013,2.952924567
Zimbabwe,2014,1.464182709
Zimbabwe,2015,3.28237683
Zimbabwe,2016,5.168145724
Zimbabwe,2017,2.591861149
Zimbabwe,2018,2.065818145
Zimbabwe,2019,4.954689112
Zimbabwe,2020,
